,description,Women,White,Black or African American,Asian,Hispanic or Latino,16-19,20-24,25-34,35-44,45-54,55-64,65+,GloVe_Column,index,Title,Pay1,Lognumjobs,Growthrate,Associate's degree,Bachelor's degree,Doctoral or professional degree,High school diploma or equivalent,Master's degree,No formal educational credential,Postsecondary nondegree award,"Some college, no degree",Apprenticeship,Internship/residency,Long-term on-the-job training,Moderate-term on-the-job training,Short-term on-the-job training,5 years or more,Less than 5 years
0,Electrical and Electronics Engineering Technicians,0.1603943661971831,0.770774647887324,0.0896150234741784,0.0839201877934272,0.162075117370892,0.0093896713615023,0.0821596244131455,0.2276995305164319,0.1784037558685446,0.2535211267605634,0.1830985915492957,0.068075117370892,[3.7061e+04 2.6000e+01 2.4211e+04 ... 0.0000e+00 0.0000e+00 0.0000e+00],93,Electrical and Electronics Engineering Technicians,67550,11.742448623248476,0.015103338632750398,1,0,0,0,0,0,0,0,0,0,0,0,0,0,0
1,Physical Therapist Assistants and Aides,0.717,0.8859999999999999,0.0659999999999999,0.037,0.058,0.0256410256410256,0.1666666666666666,0.2692307692307692,0.2307692307692307,0.1923076923076923,0.0897435897435897,0.0256410256410256,[ 9387. 23739. 12850. ...     0.     0.     0.],236,Physical Therapist Assistants and Aides,49970,11.913712983527281,0.28801071667782985,0,0,0,0,0,0,0,0,0,0,0,0,0,0,0
2,Athletic Trainers,0.628,0.6890000000000001,0.173,0.108,0.035,0.0,0.04,0.31,0.29,0.14,0.15,0.07,[ 11167.  15218. 138530. ...      0.      0.      0.],26,Athletic Trainers,49860,10.376611309118108,0.16199376947040497,0,1,0,0,0,0,0,0,0,0,0,0,0,0,0
3,Graphic Designers,0.560111633372503,0.8122878965922445,0.0628284371327849,0.0927391304347826,0.1232209165687426,0.0117508813160987,0.0564042303172738,0.2949471210340775,0.2491186839012926,0.1774383078730904,0.1433607520564042,0.0646298472385428,[10778.  9197.  4300. ...     0.     0.     0.],138,Graphic Designers,53380,12.547887726561882,-0.03801065719360568,0,1,0,0,0,0,0,0,0,0,0,0,0,0,0
4,Lawyers,0.3739999999999999,0.865,0.068,0.052,0.0579999999999999,0.0,0.0,0.1842772612003381,0.2696534234995773,0.2240067624683009,0.1859678782755705,0.136094674556213,[48057    26 86421 ...    37    75 50864],173,Lawyers,126930,13.609592787315133,0.039685465044845804,0,0,1,0,0,0,0,0,0,0,0,0,0,0,0
5,"Archivists, Curators, and Museum Workers",0.636,0.946,0.0059999999999999,0.044,0.076,0.0,0.0526315789473684,0.4210526315789473,0.175438596491228,0.0701754385964912,0.1578947368421052,0.1052631578947368,[600141. 747120.   7014. ...      0.      0.      0.],22,"Archivists, Curators, and Museum Workers",52140,10.532096211958502,0.112,0,0,0,0,0,0,0,0,0,0,0,0,0,0,0
6,Orthotists and Prosthetists,0.617,0.5780000000000001,0.248,0.153,0.135,0.027027027027027,0.1081081081081081,0.227027027027027,0.2324324324324324,0.2378378378378378,0.1351351351351351,0.0378378378378378,[6.2979e+04 2.6000e+01 6.2979e+04 ... 0.0000e+00 0.0000e+00 0.0000e+00],224,Orthotists and Prosthetists,70190,9.210340371976184,0.17,0,0,0,0,1,0,0,0,0,1,0,0,0,0,0
7,"Purchasing Managers, Buyers, and Purchasing Agents",0.5230539215686275,0.8184166666666667,0.1094019607843137,0.0472892156862745,0.1287058823529411,0.0049019607843137,0.0465686274509803,0.2328431372549019,0.2377450980392156,0.2009803921568627,0.1985294117647058,0.0759803921568627,[4.4481e+04 2.6000e+01 4.1530e+04 ... 0.0000e+00 0.0000e+00 0.0000e+00],261,"Purchasing Managers, Buyers, and Purchasing Agents",72270,13.17343664758833,-0.07145572025845687,0,1,0,0,0,0,0,0,0,0,0,0,0,0,0
8,Loan Officers,0.544,0.79,0.131,0.047,0.124,0.005,0.07,0.235,0.2525,0.235,0.165,0.04,[ 9621. 10699. 64174. ...     0.     0.     0.],178,Loan Officers,63960,12.666341545679012,0.03187125276112338,0,1,0,0,0,0,0,0,0,0,0,1,0,0,0
9,"Barbers, Hairstylists, and Cosmetologists",0.908,0.7749999999999999,0.144,0.051,0.146,0.0046439628482972,0.0835913312693498,0.2414860681114551,0.2600619195046439,0.1842105263157894,0.1362229102167182,0.0897832817337461,[2.2420e+04 1.1801e+05 2.6000e+01 ... 0.0000e+00 0.0000e+00 0.0000e+00],32,"Barbers, Hairstylists, and Cosmetologists",27630,13.490611097695677,-0.012731801826736784,0,0,0,0,0,0,1,0,0,0,0,0,0,0,0
10,Preschool Teachers,0.988,0.8280000000000001,0.12,0.022,0.153,0.0242990654205607,0.114018691588785,0.2822429906542056,0.2392523364485981,0.1981308411214953,0.1102803738317757,0.0299065420560747,[55806.  1995. 31546. ...     0.     0.     0.],251,Preschool Teachers,31930,13.200064885068182,0.024981495188749075,1,0,0,0,0,0,0,0,0,0,0,0,0,0,0
11,Pest Control Workers,0.0249999999999999,0.853,0.062,0.005,0.309,0.0,0.125,0.25,0.2589285714285714,0.1607142857142857,0.1875,0.0178571428571428,[52496.  2031. 17925. ...     0.     0.     0.],230,Pest Control Workers,37820,11.380536276924483,0.08561643835616438,0,0,0,1,0,0,0,0,0,0,0,1,0,0,0
12,Forensic Science Technicians,0.541,0.78,0.049,0.109,0.107,0.0116279069767441,0.2093023255813953,0.3217054263565891,0.1782945736434108,0.1201550387596899,0.127906976744186,0.0310077519379844,[100043.   4051.  39928. ...      0.      0.      0.],126,Forensic Science Technicians,60590,9.752664662801545,0.13953488372093023,0,1,0,0,0,0,0,0,0,0,0,1,0,0,0
13,"Advertising, Promotions, and Marketing Managers",0.521,0.8049999999999999,0.147,0.039,0.0349999999999999,0.0178571428571428,0.0178571428571428,0.3928571428571428,0.3392857142857143,0.1964285714285714,0.0178571428571428,0.0178571428571428,[13024. 12240.    26. ...     0.     0.     0.],5,"Advertising, Promotions, and Marketing Managers",141490,12.660010407089116,0.05970149253731343,0,1,0,0,0,0,0,0,0,0,0,0,0,0,0
14,Aircraft and Avionics Equipment Mechanics and Technicians,0.054,0.8429999999999999,0.108,0.032,0.2299999999999999,0.0065359477124183,0.0392156862745098,0.2679738562091503,0.2483660130718954,0.2287581699346405,0.1633986928104575,0.0457516339869281,"[4.08020e+04 2.60000e+01 5.00603e+05 ... 0.00000e+00 0.00000e+00
 0.00000e+00]",13,Aircraft and Avionics Equipment Mechanics and Technicians,66680,11.982929094215963,0.045625,0,0,0,0,0,0,0,0,0,0,0,0,0,0,0
15,Labor Relations Specialists,0.7429999999999999,0.769,0.13,0.0579999999999999,0.151,0.0036057692307692,0.0612980769230769,0.3004807692307692,0.2223557692307692,0.2079326923076923,0.1634615384615384,0.0396634615384615,[11082. 19926. 20304. ...     0.     0.     0.],171,Labor Relations Specialists,73240,11.275936506833965,-0.06844106463878327,0,1,0,0,0,0,0,0,0,0,0,0,0,0,1
16,Materials Engineers,0.255,0.8350000000000001,0.0529999999999999,0.094,0.071,0.0,0.0566037735849056,0.4339622641509434,0.1509433962264151,0.2075471698113207,0.1509433962264151,0.0188679245283018,[ 7857. 11783. 16437. ...     0.     0.     0.],192,Materials Engineers,95640,10.221941283654663,0.014545454545454545,0,1,0,0,0,0,0,0,0,0,0,0,0,0,0
17,Athletes and Sports Competitors,0.448,0.7519999999999999,0.147,0.0349999999999999,0.054,0.1285714285714285,0.1523809523809524,0.3,0.1761904761904762,0.1142857142857142,0.0714285714285714,0.0476190476190476,[11119.    26.  3025. ...     0.     0.     0.],25,Athletes and Sports Competitors,50850,9.517825071724143,0.10294117647058823,0,0,0,0,0,1,0,0,0,0,1,0,0,0,0
18,Lodging Managers,0.5599999999999999,0.7479999999999999,0.124,0.104,0.112,0.0,0.032520325203252,0.1869918699186991,0.1951219512195122,0.2195121951219512,0.2439024390243902,0.1138211382113821,[176635.   3526.  27929. ...      0.      0.      0.],179,Lodging Managers,56670,10.95430917736789,-0.11713286713286714,0,0,0,1,0,0,0,0,0,0,0,0,0,0,1
19,Bartenders,0.489,0.8729999999999999,0.052,0.021,0.1669999999999999,0.0099667774086378,0.1594684385382059,0.3953488372093023,0.2093023255813953,0.1196013289036544,0.0697674418604651,0.0365448504983388,[35065.  2338.  1443. ...     0.     0.     0.],33,Bartenders,24960,13.391932394429183,0.05865281808461891,0,0,0,0,0,1,0,0,0,0,0,0,1,0,0
20,Construction and Building Inspectors,0.119,0.8820000000000001,0.0349999999999999,0.045,0.124,0.0,0.0086206896551724,0.1810344827586207,0.1379310344827586,0.2068965517241379,0.2758620689655172,0.1896551724137931,[13671.    26.  3961. ...     0.     0.     0.],68,Construction and Building Inspectors,62860,11.701891564482851,0.03228476821192053,0,0,0,1,0,0,0,0,0,0,0,1,0,1,0
21,Correctional Officers and Bailiffs,0.3169999999999999,0.6089999999999999,0.329,0.027,0.128,0.0057803468208092,0.0867052023121387,0.3063583815028902,0.2543352601156069,0.2052023121387283,0.1156069364161849,0.0231213872832369,"[2.36453e+05 1.06990e+04 7.00000e+01 ... 0.00000e+00 0.00000e+00
 0.00000e+00]",73,Correctional Officers and Bailiffs,47440,13.043969309976317,-0.07159852909366213,0,0,0,1,0,0,0,0,0,0,0,1,0,0,0
22,Registered Nurses,0.874,0.753,0.134,0.087,0.079,0.0009213759213759,0.0482186732186732,0.2668918918918919,0.2564496314496314,0.2106879606879607,0.1704545454545454,0.0463759213759213,[18167. 11443.  2732. ...     0.     0.     0.],270,Registered Nurses,75330,14.945847586326625,0.07165692511383086,0,1,0,0,0,0,0,0,0,0,0,0,0,0,0
23,Chemical Engineers,0.194,0.815,0.015,0.139,0.1,0.0,0.0714285714285714,0.3571428571428571,0.2,0.1714285714285714,0.1428571428571428,0.0428571428571428,[15458. 11783.  7067. ...     0.     0.     0.],48,Chemical Engineers,108540,10.392067567354799,0.04294478527607362,0,1,0,0,0,0,0,0,0,0,0,0,0,0,0
24,Marriage and Family Therapists,0.7495167464114832,0.7549641148325359,0.1822212918660287,0.0323145933014354,0.1508660287081339,0.0119617224880382,0.0598086124401913,0.2906698564593301,0.2296650717703349,0.200956937799043,0.1435406698564593,0.0633971291866028,[4890.   26.  619. ...    0.    0.    0.],187,Marriage and Family Therapists,51340,11.1004357419251,0.22356495468277945,0,0,0,0,1,0,0,0,0,1,0,0,0,0,0
25,Construction Equipment Operators,0.039,0.8530000000000001,0.0989999999999999,0.005,0.178,0.011142061281337,0.0863509749303621,0.2144846796657381,0.2033426183844011,0.2200557103064067,0.2033426183844011,0.0612813370473537,[13671. 20450. 22336. ...     0.     0.     0.],69,Construction Equipment Operators,49100,13.056864395171633,0.04099935938500961,0,0,0,1,0,0,0,0,0,0,0,1,0,0,0
26,Psychiatric Technicians and Aides,0.8220000000000001,0.676,0.242,0.0139999999999999,0.121,0.0,0.1641791044776119,0.4328358208955223,0.208955223880597,0.0895522388059701,0.0746268656716417,0.0298507462686567,"[1.10935e+05 3.99280e+04 2.60000e+01 ... 0.00000e+00 0.00000e+00
 0.00000e+00]",257,Psychiatric Technicians and Aides,33140,11.865692784077943,0.12297962052002812,0,0,0,0,0,0,0,0,0,0,0,0,1,0,0
27,"Painters, Construction and Maintenance",0.083,0.9,0.054,0.0059999999999999,0.512,0.0209923664122137,0.0648854961832061,0.2385496183206107,0.2595419847328244,0.2175572519083969,0.1679389312977099,0.032442748091603,[61816.  7067.  6104. ...     0.     0.     0.],225,"Painters, Construction and Maintenance",42130,12.84660987581782,0.0023715415019762848,0,0,0,0,0,1,0,0,0,0,0,1,0,0,0
28,Diesel Service Technicians and Mechanics,0.018,0.8509999999999999,0.074,0.031,0.181,0.0168067226890756,0.0924369747899159,0.2492997198879551,0.1904761904761904,0.2072829131652661,0.196078431372549,0.0504201680672268,[17163.  2465. 39928. ...     0.     0.     0.],87,Diesel Service Technicians and Mechanics,50200,12.547176994477947,0.03412726626377533,0,0,0,1,0,0,0,0,0,0,1,0,0,0,0
29,"Umpires, Referees, and Other Sports Officials",0.448,0.7519999999999999,0.147,0.0349999999999999,0.054,0.1285714285714285,0.1523809523809524,0.3,0.1761904761904762,0.1142857142857142,0.0714285714285714,0.0476190476190476,[8.6629e+04 2.5814e+04 2.6000e+01 ... 0.0000e+00 0.0000e+00 0.0000e+00],309,"Umpires, Referees, and Other Sports Officials",28940,10.034515814942532,0.07894736842105263,0,0,0,1,0,0,0,0,0,0,0,1,0,0,0
30,Drafters,0.188,0.904,0.018,0.0659999999999999,0.2289999999999999,0.0105263157894736,0.0526315789473684,0.2526315789473684,0.2526315789473684,0.1684210526315789,0.1894736842105263,0.0631578947368421,[367746.    716.   7287. ...      0.      0.      0.],89,Drafters,57960,12.210562550803026,-0.0353409656545545,1,0,0,0,0,0,0,0,0,0,0,0,0,0,0
31,Craft and Fine Artists,0.535,0.857,0.036,0.061,0.093,0.00390625,0.05078125,0.2890625,0.19140625,0.1640625,0.15625,0.14453125,[48057    26 86421 ...    37    75 50864],76,Craft and Fine Artists,49120,10.85707406915398,0.0019267822736030828,0,0,0,0,0,0,0,0,0,0,1,0,0,0,0
32,Physical Therapists,0.6719999999999999,0.778,0.052,0.15,0.044,0.0,0.0106761565836298,0.3096085409252669,0.2455516014234875,0.2526690391459075,0.1316725978647686,0.0462633451957295,[ 9387. 23739.   515. ...     0.     0.     0.],237,Physical Therapists,91010,12.461489757394679,0.1820294345468629,0,0,1,0,0,0,0,0,0,0,0,0,0,0,0
33,"Reporters, Correspondents, and Broadcast News Analysts",0.5399999999999999,0.801,0.109,0.067,0.0529999999999999,0.0,0.1298701298701298,0.3636363636363636,0.1818181818181818,0.1298701298701298,0.1168831168831168,0.0519480519480519,"[1.78240e+04 1.09333e+05 2.60000e+01 ... 0.00000e+00 0.00000e+00
 0.00000e+00]",272,"Reporters, Correspondents, and Broadcast News Analysts",49300,10.858998997563564,-0.11153846153846154,0,1,0,0,0,0,0,0,0,0,0,0,0,0,0
34,Home Health and Personal Care Aides,0.858838630806846,0.5880333129584352,0.3052402200488998,0.0653502444987775,0.1867466381418093,0.0296454767726161,0.1106356968215158,0.2087408312958435,0.1864303178484107,0.1891809290953545,0.1897921760391198,0.0871026894865525,[ 335. 2541.   26. ...    0.    0.    0.],149,Home Health and Personal Care Aides,27080,15.050894816244304,0.33709335116434574,0,0,0,1,0,0,0,0,0,0,0,0,1,0,0
35,Occupational Therapists,0.8629999999999999,0.876,0.04,0.074,0.065,0.0,0.0080645161290322,0.314516129032258,0.3225806451612903,0.1854838709677419,0.1129032258064516,0.064516129032258,[85585. 23739.  2261. ...     0.     0.     0.],219,Occupational Therapists,86280,11.872695613816264,0.1584089323098395,0,0,0,0,1,0,0,0,0,0,0,0,0,0,0
36,"Farmers, Ranchers, and Other Agricultural Managers",0.251,0.963,0.0069999999999999,0.008,0.043,0.002219755826859,0.0233074361820199,0.1009988901220865,0.148723640399556,0.1675915649278579,0.2286348501664817,0.3285238623751387,"[2.53160e+04 1.17942e+05 2.60000e+01 ... 0.00000e+00 0.00000e+00
 0.00000e+00]",108,"Farmers, Ranchers, and Other Agricultural Managers",68090,13.766635390182138,-0.06468549826735273,0,0,0,1,0,0,0,0,0,0,0,0,0,1,0
37,Stationary Engineers and Boiler Operators,0.106,0.775,0.144,0.049,0.1069999999999999,0.0178571428571428,0.0,0.1785714285714285,0.125,0.1964285714285714,0.3571428571428571,0.125,[9.2063e+04 1.1783e+04 2.6000e+01 ... 0.0000e+00 0.0000e+00 0.0000e+00],294,Stationary Engineers and Boiler Operators,64680,10.44581184336149,0.023255813953488372,0,0,0,1,0,0,0,0,0,0,1,0,0,0,0
38,Paralegals and Legal Assistants,0.8579999999999999,0.799,0.103,0.0679999999999999,0.151,0.0024038461538461,0.0961538461538461,0.21875,0.1875,0.2259615384615384,0.1899038461538461,0.0769230769230769,"[1.83781e+05 2.60000e+01 1.99200e+03 ... 0.00000e+00 0.00000e+00
 0.00000e+00]",227,Paralegals and Legal Assistants,52920,12.730209283355837,0.10449970396684428,1,0,0,0,0,0,0,0,0,0,0,0,0,0,0
39,Computer and Information Systems Managers,0.266,0.755,0.0699999999999999,0.155,0.052,0.0,0.0094086021505376,0.1720430107526881,0.2983870967741935,0.303763440860215,0.1854838709677419,0.0309139784946236,[3531.   26. 5386. ...    0.    0.    0.],61,Computer and Information Systems Managers,151150,13.041153321978786,0.10433839479392625,0,1,0,0,0,0,0,0,0,0,0,0,0,1,0
40,"Police, Fire, and Ambulance Dispatchers",0.5527637540453074,0.7987831715210356,0.1421326860841424,0.0179320388349514,0.1711521035598705,0.0194174757281553,0.0776699029126213,0.2265372168284789,0.2718446601941747,0.1877022653721682,0.1812297734627831,0.0323624595469255,[2331. 1415.   26. ...    0.    0.    0.],243,"Police, Fire, and Ambulance Dispatchers",43290,11.495779306135258,0.06205493387589013,0,0,0,1,0,0,0,0,0,0,0,1,0,0,0
41,Music Directors and Composers,0.3150238095238095,0.7992857142857143,0.1206666666666666,0.0332380952380952,0.1329761904761904,0.0059523809523809,0.1011904761904761,0.2619047619047619,0.1964285714285714,0.1130952380952381,0.125,0.1904761904761904,[ 434. 6662.  894. ...    0.    0.    0.],209,Music Directors and Composers,52250,10.968198289528557,0.017241379310344827,0,1,0,0,0,0,0,0,0,0,0,0,0,0,1
42,Massage Therapists,0.8059999999999999,0.737,0.105,0.0999999999999999,0.11,0.0,0.0529801324503311,0.2052980132450331,0.2781456953642384,0.2052980132450331,0.1854304635761589,0.0728476821192053,[ 6162. 23739.  2261. ...     0.     0.     0.],189,Massage Therapists,43620,12.023951068738885,0.20635872825434912,0,0,0,0,0,0,1,0,0,0,0,0,0,0,0
43,Art Directors,0.535,0.857,0.036,0.061,0.093,0.00390625,0.05078125,0.2890625,0.19140625,0.1640625,0.15625,0.14453125,[1809. 6662.   70. ...    0.    0.    0.],23,Art Directors,97270,11.50388472031808,-0.018163471241170535,0,1,0,0,0,0,0,0,0,0,0,0,0,1,0
44,Airline and Commercial Pilots,0.056,0.94,0.0339999999999999,0.022,0.05,0.0,0.0193548387096774,0.1419354838709677,0.2516129032258064,0.2580645161290322,0.2645161290322581,0.064516129032258,[48057    26 86421 ...    37    75 50864],14,Airline and Commercial Pilots,130440,11.752729457177546,0.04799370574350905,0,0,0,0,0,0,0,0,0,0,0,1,0,0,0
45,Advertising Sales Agents,0.5379999999999999,0.8959999999999999,0.055,0.024,0.1639999999999999,0.0,0.0992907801418439,0.2836879432624113,0.1914893617021276,0.2056737588652482,0.1489361702127659,0.0709219858156028,[13024.  1265. 10562. ...     0.     0.     0.],6,Advertising Sales Agents,54940,11.843667026882457,-0.06465517241379311,0,0,0,1,0,0,0,0,0,0,0,1,0,0,0
46,Manicurists and Pedicurists,0.8297552447552448,0.2897762237762238,0.0634615384615384,0.613937062937063,0.1105104895104895,0.0174825174825174,0.0944055944055944,0.1853146853146853,0.2447552447552447,0.2867132867132867,0.1293706293706293,0.0419580419580419,"[5.96251e+05 2.60000e+01 6.29790e+04 ... 0.00000e+00 0.00000e+00
 0.00000e+00]",184,Manicurists and Pedicurists,27870,11.953114009136778,0.19253058596265293,0,0,0,0,0,0,1,0,0,0,0,0,0,0,0
47,Career and Technical Education Teachers,0.7959999999999999,0.841,0.105,0.0279999999999999,0.105,0.0005932957579353,0.0418273509344408,0.234055176505488,0.2850786116879264,0.2444378522693562,0.1518837140314446,0.0421239988134084,[ 4406.    26. 16212. ...     0.     0.     0.],43,Career and Technical Education Teachers,59140,12.253433216890011,0.016213638531235097,0,1,0,0,0,0,0,0,0,0,0,0,0,0,1
48,Carpenters,0.032,0.879,0.069,0.019,0.355,0.0251346499102333,0.0825852782764811,0.2073608617594255,0.2791741472172352,0.2172351885098743,0.1454219030520646,0.0421903052064632,[59697. 93444. 14020. ...     0.     0.     0.],44,Carpenters,49520,13.83932473606353,-0.004101161995898838,0,0,0,1,0,0,0,0,1,0,0,0,0,0,0
49,Photographers,0.521,0.8490000000000001,0.067,0.0559999999999999,0.1,0.010752688172043,0.0698924731182795,0.2688172043010752,0.2956989247311828,0.1935483870967742,0.1236559139784946,0.043010752688172,[13382.   716.   350. ...     0.     0.     0.],235,Photographers,41280,11.801856756822442,-0.035955056179775284,0,0,0,1,0,0,0,0,0,0,0,1,0,0,0
50,Retail Sales Workers,0.475,0.7870000000000001,0.1219999999999999,0.045,0.185,0.0857869865503453,0.1773900399854598,0.2191930207197382,0.1414031261359505,0.1421301344965467,0.1515812431842966,0.0825154489276626,[11971.  1265. 17925. ...     0.     0.     0.],274,Retail Sales Workers,27320,15.348736748452488,-0.004252012691286612,0,0,0,0,0,1,0,0,0,0,0,0,0,0,0
51,General Maintenance and Repair Workers,0.043,0.8390000000000001,0.1069999999999999,0.018,0.206,0.0205479452054794,0.0496575342465753,0.1763698630136986,0.2294520547945205,0.2328767123287671,0.2294520547945205,0.0616438356164383,[ 3768. 20753.    26. ...     0.     0.     0.],131,General Maintenance and Repair Workers,40850,14.231849662624317,0.041545766288578215,0,0,0,1,0,0,0,0,0,0,0,1,0,0,0
52,Fitness Trainers and Instructors,0.6580180180180181,0.8174114114114114,0.1217537537537537,0.0221801801801801,0.1021801801801801,0.036036036036036,0.1351351351351351,0.2372372372372372,0.1981981981981982,0.1891891891891892,0.1231231231231231,0.078078078078078,[ 5867. 15218.    26. ...     0.     0.     0.],118,Fitness Trainers and Instructors,40510,12.831208615473574,0.15413433235215412,0,0,0,1,0,0,0,0,0,0,0,0,1,0,0
53,Psychologists,0.803,0.8270000000000001,0.118,0.041,0.035,0.0,0.0137931034482758,0.1724137931034483,0.2344827586206896,0.2275862068965517,0.1724137931034483,0.1724137931034483,[73945.  1915. 89194. ...     0.     0.     0.],258,Psychologists,82180,12.166811931576872,0.029641185647425898,0,0,0,0,0,0,0,0,0,1,0,0,0,0,0
54,Insurance Underwriters,0.58,0.7859999999999999,0.093,0.062,0.119,0.0,0.0294117647058823,0.2058823529411764,0.2156862745098039,0.2549019607843137,0.2450980392156862,0.0392156862745098,[  7787. 307865.   3721. ...      0.      0.      0.],163,Insurance Underwriters,71790,11.650075303117463,-0.06190061028770706,0,1,0,0,0,0,0,0,0,0,0,1,0,0,0
55,Line Installers and Repairers,0.063,0.8340000000000002,0.12,0.009,0.2239999999999999,0.015267175572519,0.0687022900763358,0.2290076335877862,0.2519083969465648,0.2519083969465648,0.1755725190839694,0.0,"[1.22100e+03 3.50941e+05 2.60000e+01 ... 0.00000e+00 0.00000e+00
 0.00000e+00]",177,Line Installers and Repairers,68030,12.382543788645952,0.0,0,0,0,1,0,0,0,0,0,0,1,0,0,0,0
56,Industrial Production Managers,0.226,0.843,0.059,0.072,0.135,0.0,0.0110294117647058,0.1764705882352941,0.2389705882352941,0.3382352941176471,0.1838235294117647,0.0514705882352941,[18272.  9691.  3526. ...     0.     0.     0.],157,Industrial Production Managers,108790,12.15530552847652,0.008942661756970016,0,1,0,0,0,0,0,0,0,0,0,0,0,1,0
57,Budget Analysts,0.532,0.696,0.1389999999999999,0.076,0.149,0.0,0.0,0.25,0.15,0.2833333333333333,0.2833333333333333,0.0166666666666666,[ 8338. 19919.   515. ...     0.     0.     0.],41,Budget Analysts,78970,10.922334872735375,0.03429602888086643,0,1,0,0,0,0,0,0,0,0,0,0,0,0,0
58,Health Educators and Community Health Workers,0.7759999999999999,0.616,0.304,0.033,0.127,0.01,0.1,0.19,0.25,0.22,0.19,0.04,[  2541. 102482.   4119. ...      0.      0.      0.],143,Health Educators and Community Health Workers,48140,11.752729457177546,0.13375295043273014,0,0,0,0,0,0,0,0,0,0,0,0,0,0,0
59,Janitors and Building Cleaners,0.386,0.747,0.17,0.0389999999999999,0.3359999999999999,0.0391581008321096,0.0685266764561918,0.162506118453255,0.175721977484092,0.2143906020558003,0.2369065100342633,0.1027900146842878,[8.4197e+04 2.6000e+01 3.9610e+03 ... 0.0000e+00 0.0000e+00 0.0000e+00],167,Janitors and Building Cleaners,29080,14.68017109660157,0.04447814000505433,0,0,0,0,0,1,0,0,0,0,0,0,1,0,0
60,Firefighters,0.044,0.85,0.084,0.0119999999999999,0.131,0.0029850746268656,0.0507462686567164,0.3074626865671642,0.3313432835820895,0.2059701492537313,0.0895522388059701,0.0119402985074626,[6.4961e+04 2.0310e+03 2.6000e+01 ... 0.0000e+00 0.0000e+00 0.0000e+00],115,Firefighters,52500,12.723377235393874,0.06050670640834575,0,0,0,0,0,0,1,0,0,0,1,0,0,0,0
61,Speech-Language Pathologists,0.944,0.8969999999999999,0.0659999999999999,0.036,0.0849999999999999,0.0,0.0564102564102564,0.3384615384615385,0.241025641025641,0.1846153846153846,0.1435897435897435,0.0358974358974358,[  5354.   5243. 242441. ...      0.      0.      0.],293,Speech-Language Pathologists,80480,11.999048476095847,0.24907749077490776,0,0,0,0,1,0,0,0,0,1,0,0,0,0,0
62,Computer Programmers,0.211,0.6389999999999999,0.063,0.283,0.066,0.0071942446043165,0.0455635491606714,0.2446043165467626,0.2613908872901678,0.1942446043165467,0.2134292565947242,0.0359712230215827,[ 3531. 51369.  2282. ...     0.     0.     0.],64,Computer Programmers,89190,12.273263895070498,-0.09396914446002805,0,1,0,0,0,0,0,0,0,0,0,0,0,0,0
63,Computer Systems Analysts,0.356,0.68,0.0969999999999999,0.1869999999999999,0.0809999999999999,0.0033670033670033,0.069023569023569,0.2929292929292929,0.2373737373737373,0.202020202020202,0.1632996632996633,0.0319865319865319,[ 3531.  3155. 19919. ...     0.     0.     0.],66,Computer Systems Analysts,93730,13.357277384317454,0.0736875395319418,0,1,0,0,0,0,0,0,0,0,0,0,0,0,0
64,Interpreters and Translators,0.729,0.746,0.083,0.114,0.294,0.0109890109890109,0.0439560439560439,0.2857142857142857,0.1758241758241758,0.1978021978021978,0.1648351648351648,0.1098901098901098,[48057    26 86421 ...    37    75 50864],165,Interpreters and Translators,52330,11.25674205957782,0.20025839793281655,0,1,0,0,0,0,0,0,0,0,0,0,0,0,0
65,Insurance Sales Agents,0.501,0.7989999999999999,0.108,0.057,0.1399999999999999,0.0046801872074883,0.079563182527301,0.2059282371294852,0.1934477379095164,0.2184087363494539,0.1950078003120124,0.1029641185647426,[ 7787.  1265. 10562. ...     0.     0.     0.],162,Insurance Sales Agents,52180,13.124960003251594,0.05485737083582685,0,0,0,1,0,0,0,0,0,0,0,1,0,0,0
66,Computer Hardware Engineers,0.1839999999999999,0.546,0.054,0.392,0.145,0.0,0.0337078651685393,0.3033707865168539,0.2808988764044944,0.1348314606741573,0.2134831460674157,0.0337078651685393,[ 3531. 26909. 11783. ...     0.     0.     0.],62,Computer Hardware Engineers,119560,11.171842615791332,0.015471167369901548,0,1,0,0,0,0,0,0,0,0,0,0,0,0,0
67,Rehabilitation Counselors,0.7495167464114832,0.7549641148325359,0.1822212918660287,0.0323145933014354,0.1508660287081339,0.0119617224880382,0.0598086124401913,0.2906698564593301,0.2296650717703349,0.200956937799043,0.1435406698564593,0.0633971291866028,[112288.  48437.    515. ...      0.      0.      0.],271,Rehabilitation Counselors,37530,11.696912301083245,0.10232945091514144,0,0,0,0,1,0,0,0,0,0,0,0,0,0,0
68,Machinists and Tool and Die Makers,0.058,0.917,0.041,0.031,0.132,0.0172413793103448,0.0793103448275862,0.2103448275862069,0.1827586206896551,0.2068965517241379,0.2413793103448276,0.0620689655172413,"[2.41631e+05 2.60000e+01 9.05400e+03 ... 0.00000e+00 0.00000e+00
 0.00000e+00]",182,Machinists and Tool and Die Makers,47040,13.040285266368722,0.026921406860616587,0,0,0,0,0,0,0,0,0,0,1,0,0,0,0
69,Civil Engineering Technicians,0.1603943661971831,0.770774647887324,0.0896150234741784,0.0839201877934272,0.162075117370892,0.0093896713615023,0.0821596244131455,0.2276995305164319,0.1784037558685446,0.2535211267605634,0.1830985915492957,0.068075117370892,[ 7846. 16741. 39928. ...     0.     0.     0.],53,Civil Engineering Technicians,54080,11.169025712520218,0.02538787023977433,1,0,0,0,0,0,0,0,0,0,0,0,0,0,0
70,Aerospace Engineering and Operations Technicians,0.1603943661971831,0.770774647887324,0.0896150234741784,0.0839201877934272,0.162075117370892,0.0093896713615023,0.0821596244131455,0.2276995305164319,0.1784037558685446,0.2535211267605634,0.1830985915492957,0.068075117370892,"[1.19696e+05 1.67410e+04 2.60000e+01 ... 0.00000e+00 0.00000e+00
 0.00000e+00]",7,Aerospace Engineering and Operations Technicians,68570,9.38429367909962,0.06722689075630252,1,0,0,0,0,0,0,0,0,0,0,0,0,0,0
71,Masonry Workers,0.028,0.829,0.084,0.013,0.533,0.0181818181818181,0.0727272727272727,0.2545454545454545,0.2181818181818181,0.2181818181818181,0.1818181818181818,0.0181818181818181,[320722.  17925.    894. ...      0.      0.      0.],188,Masonry Workers,47710,12.618513367374764,-0.033101621979477,0,0,0,0,0,0,0,0,0,0,0,0,0,0,0
72,Childcare Workers,0.948,0.7659999999999998,0.161,0.0379999999999999,0.216,0.0829741379310344,0.2058189655172413,0.2025862068965517,0.1497844827586207,0.1691810344827586,0.1282327586206896,0.0614224137931034,[101204.  17925.   6955. ...      0.      0.      0.],51,Childcare Workers,25460,13.9521371554961,0.01700976971388695,0,0,0,1,0,0,0,0,0,0,0,0,1,0,0
73,Environmental Engineering Technologists and Technicians,0.1603943661971831,0.770774647887324,0.0896150234741784,0.0839201877934272,0.162075117370892,0.0093896713615023,0.0821596244131455,0.2276995305164319,0.1784037558685446,0.2535211267605634,0.1830985915492957,0.068075117370892,[ 35115.  16741. 207346. ...      0.      0.      0.],102,Environmental Engineering Technologists and Technicians,51630,9.825526011066415,0.07567567567567568,1,0,0,0,0,0,0,0,0,0,0,0,0,0,0
74,Network and Computer Systems Administrators,0.198,0.7729999999999999,0.09,0.118,0.078,0.0,0.0294117647058823,0.226890756302521,0.3109243697478991,0.2605042016806723,0.1260504201680672,0.0462184873949579,[3531. 4285.   70. ...    0.    0.    0.],212,Network and Computer Systems Administrators,84810,12.831743660965206,0.042792190425247394,0,1,0,0,0,0,0,0,0,0,0,0,0,0,0
75,"Heating, Air Conditioning, and Refrigeration Mechanics and Installers",0.015,0.815,0.121,0.031,0.217,0.0222222222222222,0.0733333333333333,0.2288888888888889,0.2933333333333333,0.1955555555555555,0.1488888888888888,0.0377777777777777,[23945.  1188. 26906. ...     0.     0.     0.],144,"Heating, Air Conditioning, and Refrigeration Mechanics and Installers",50590,12.839469821684345,0.040074309978768576,0,0,0,0,0,0,1,0,0,0,1,0,0,0,0
76,Dental and Ophthalmic Laboratory Technicians and Medical Appliance Technicians,0.5989999999999999,0.91,0.044,0.046,0.17,0.0,0.0945945945945946,0.2837837837837837,0.1486486486486486,0.2432432432432432,0.1756756756756756,0.054054054054054,"[2.16300e+04 2.60000e+01 9.36233e+05 ... 0.00000e+00 0.00000e+00
 0.00000e+00]",81,Dental and Ophthalmic Laboratory Technicians and Medical Appliance Technicians,38620,11.304670526149769,0.09113300492610837,0,0,0,1,0,0,0,0,0,0,0,1,0,0,0
77,Chefs and Head Cooks,0.18,0.652,0.147,0.1669999999999999,0.2439999999999999,0.0078328981723237,0.0913838120104438,0.2872062663185378,0.2689295039164491,0.2219321148825065,0.0913838120104438,0.0287206266318537,[6307.   26.  650. ...    0.    0.    0.],47,Chefs and Head Cooks,53380,11.909686132448247,0.06388702084734364,0,0,0,1,0,0,0,0,0,0,0,0,0,1,0
78,Medical Assistants,0.902,0.729,0.174,0.04,0.279,0.0089126559714795,0.1532976827094474,0.3458110516934046,0.2121212121212121,0.1479500891265597,0.1140819964349376,0.017825311942959,[ 7294. 12850.  2718. ...     0.     0.     0.],197,Medical Assistants,35850,13.494202757862833,0.19194704908990623,0,0,0,0,0,0,1,0,0,0,0,0,0,0,0
79,Passenger Vehicle Drivers,0.4370546218487395,0.642531512605042,0.2814390756302521,0.0454600840336134,0.1489285714285714,0.0,0.01890756302521,0.111344537815126,0.134453781512605,0.2563025210084033,0.3067226890756303,0.1701680672268907,[48057    26 86421 ...    37    75 50864],228,Passenger Vehicle Drivers,34670,13.889411365803808,0.10708646791121018,0,0,0,0,0,0,0,0,0,0,0,0,0,0,0
80,Floral Designers,0.560111633372503,0.8122878965922445,0.0628284371327849,0.0927391304347826,0.1232209165687426,0.0117508813160987,0.0564042303172738,0.2949471210340775,0.2491186839012926,0.1774383078730904,0.1433607520564042,0.0646298472385428,[25921.  9197.   894. ...     0.     0.     0.],121,Floral Designers,29140,10.855145428247575,-0.20077220077220076,0,0,0,1,0,0,0,0,0,0,0,1,0,0,0
81,Pharmacy Technicians,0.772,0.728,0.15,0.072,0.176,0.0386904761904761,0.1517857142857142,0.3482142857142857,0.2142857142857142,0.1071428571428571,0.119047619047619,0.0238095238095238,[29819. 39928.   515. ...     0.     0.     0.],233,Pharmacy Technicians,35100,12.953471240922035,0.03599336964243429,0,0,0,1,0,0,0,0,0,0,0,1,0,0,0
82,Training and Development Specialists,0.5710000000000001,0.8210000000000001,0.132,0.027,0.141,0.008695652173913,0.0260869565217391,0.1913043478260869,0.2956521739130435,0.2521739130434782,0.1739130434782608,0.0608695652173913,[3004.   26. 8404. ...    0.    0.    0.],307,Training and Development Specialists,62700,12.700463962832739,0.08600182982616651,0,1,0,0,0,0,0,0,0,0,0,0,0,0,1
83,Railroad Workers,0.077,0.735,0.186,0.03,0.226,0.0,0.0,0.1636363636363636,0.3090909090909091,0.3636363636363636,0.1272727272727272,0.0363636363636363,[1.7925e+04 3.5000e+01 7.3425e+04 ... 0.0000e+00 0.0000e+00 0.0000e+00],265,Railroad Workers,64210,11.260610536355738,-0.03346203346203346,0,0,0,1,0,0,0,0,0,0,0,1,0,0,0
84,Real Estate Brokers and Sales Agents,0.575,0.849,0.079,0.05,0.145,0.0009643201542912,0.0270009643201542,0.1436837029893924,0.2073288331726133,0.227579556412729,0.2352941176470588,0.1581485053037608,[  312. 10277. 58643. ...     0.     0.     0.],266,Real Estate Brokers and Sales Agents,51220,13.075690969205898,0.023679798826487845,0,0,0,1,0,0,0,0,0,0,0,0,0,0,0
85,Insulation Workers,0.0289999999999999,0.86,0.0959999999999999,0.0239999999999999,0.545,0.0188679245283018,0.0943396226415094,0.2641509433962264,0.2830188679245283,0.2075471698113207,0.0943396226415094,0.0188679245283018,[156274.  17925.    894. ...      0.      0.      0.],161,Insulation Workers,45820,11.023535121924303,0.02936378466557912,0,0,0,0,0,0,0,0,0,0,0,0,0,0,0
86,Cost Estimators,0.15,0.937,0.0289999999999999,0.02,0.141,0.0,0.0330578512396694,0.2148760330578512,0.2231404958677686,0.2644628099173554,0.1570247933884297,0.1157024793388429,[  5614. 262762.  12716. ...      0.      0.      0.],74,Cost Estimators,66610,12.274665436995786,-0.014939309056956116,0,1,0,0,0,0,0,0,0,0,0,1,0,0,0
87,Bill and Account Collectors,0.66,0.7209999999999999,0.2389999999999999,0.021,0.158,0.0306122448979591,0.1122448979591836,0.2346938775510204,0.1938775510204081,0.2040816326530612,0.173469387755102,0.0510204081632653,[3077.   26. 1548. ...    0.    0.    0.],34,Bill and Account Collectors,38100,12.383800333313902,-0.06446211804102135,0,0,0,1,0,0,0,0,0,0,0,1,0,0,0
88,"Elementary, Middle, and High School Principals",0.6649999999999999,0.7949999999999999,0.143,0.0329999999999999,0.12,0.0031645569620253,0.0073839662447257,0.1550632911392405,0.2805907172995781,0.3122362869198312,0.1856540084388185,0.0569620253164556,[10374.  2053.    26. ...     0.     0.     0.],98,"Elementary, Middle, and High School Principals",98490,12.553908640801701,0.03919491525423729,0,0,0,0,1,0,0,0,0,0,0,0,0,1,0
89,Postsecondary Education Administrators,0.6649999999999999,0.7949999999999999,0.143,0.0329999999999999,0.12,0.0031645569620253,0.0073839662447257,0.1550632911392405,0.2805907172995781,0.3122362869198312,0.1856540084388185,0.0569620253164556,[62979.  4879. 44322. ...     0.     0.     0.],247,Postsecondary Education Administrators,97500,12.157407473548894,0.03727034120734908,0,0,0,0,1,0,0,0,0,0,0,0,0,0,1
90,Editors,0.6110000000000001,0.945,0.0069999999999999,0.008,0.0849999999999999,0.0101010101010101,0.0101010101010101,0.2424242424242424,0.2323232323232323,0.2121212121212121,0.2121212121212121,0.0707070707070707,[17276.  1367.  3053. ...     0.     0.     0.],92,Editors,63400,11.684354580597759,-0.07329401853411963,0,1,0,0,0,0,0,0,0,0,0,0,0,0,1
91,Telecommunications Equipment Installers and Repairers,0.0829999999999999,0.715,0.168,0.063,0.168,0.0142857142857142,0.0571428571428571,0.2285714285714285,0.2071428571428571,0.2142857142857142,0.2357142857142857,0.0428571428571428,[367176.  20450. 350941. ...      0.      0.      0.],303,Telecommunications Equipment Installers and Repairers,61470,12.281643832377247,-0.025961984237366714,0,0,0,0,0,0,1,0,0,0,0,1,0,0,0
92,Material Moving Machine Operators,0.182,0.7899999999999999,0.186,0.0,0.143,0.0483870967741935,0.1129032258064516,0.1774193548387097,0.2096774193548387,0.2258064516129032,0.1612903225806451,0.064516129032258,[7857. 2625. 5338. ...    0.    0.    0.],190,Material Moving Machine Operators,37790,13.542914122930535,0.024954032046230628,0,0,0,0,0,0,0,0,0,0,0,0,0,0,0
93,EMTs and Paramedics,0.317054794520548,0.8624657534246575,0.0905068493150684,0.0357260273972602,0.1036712328767123,0.0136986301369863,0.1917808219178082,0.3698630136986301,0.1643835616438356,0.136986301369863,0.091324200913242,0.0319634703196347,[10358.  7294. 39928. ...     0.     0.     0.],101,EMTs and Paramedics,36650,12.488239537293845,0.0641025641025641,0,0,0,0,0,0,1,0,0,0,0,0,0,0,0
94,Receptionists,0.8829999999999999,0.7879999999999999,0.126,0.036,0.2219999999999999,0.040976460331299,0.1839581517000872,0.2476024411508282,0.1787271142109851,0.1238012205754141,0.1499564080209241,0.074106364428945,[7.2603e+04 4.3000e+01 5.6938e+04 ... 0.0000e+00 0.0000e+00 0.0000e+00],267,Receptionists,31110,13.915627349299047,0.03573690400796164,0,0,0,1,0,0,0,0,0,0,0,0,1,0,0
95,Bakers,0.641,0.7699999999999999,0.118,0.0669999999999999,0.269,0.0468085106382978,0.1361702127659574,0.2425531914893617,0.1872340425531914,0.1787234042553191,0.1574468085106383,0.051063829787234,[19405.  2338. 55910. ...     0.     0.     0.],31,Bakers,29400,12.202566506200887,0.053186151530356246,0,0,0,0,0,1,0,0,0,0,1,0,0,0,0
96,"Welders, Cutters, Solderers, and Brazers",0.038,0.869,0.074,0.027,0.231,0.023076923076923,0.125,0.2634615384615384,0.2269230769230769,0.198076923076923,0.1384615384615384,0.025,[184672.  50655.  62979. ...      0.      0.      0.],318,"Welders, Cutters, Solderers, and Brazers",44190,12.992026875676325,0.030986557302346777,0,0,0,1,0,0,0,0,0,0,0,1,0,0,0
97,Heavy and Tractor-trailer Truck Drivers,0.078,0.769,0.168,0.0289999999999999,0.226,0.0181331747919143,0.065398335315101,0.1851961950059453,0.1961950059453032,0.2395957193816884,0.2285969084423305,0.0671819262782401,[4.5590e+03 2.6000e+01 3.5824e+04 ... 0.0000e+00 0.0000e+00 0.0000e+00],145,Heavy and Tractor-trailer Truck Drivers,47130,14.523497088720859,0.015074634218434406,0,0,0,0,0,0,1,0,0,0,0,0,1,0,0
98,Instructional Coordinators,0.7830000000000001,0.848,0.0835,0.0375,0.112,0.0085227272727272,0.0454545454545454,0.1590909090909091,0.2613636363636363,0.2244318181818181,0.1761363636363636,0.1306818181818181,[136536.  34461. 245788. ...      0.      0.      0.],160,Instructional Coordinators,66970,12.16992719889382,0.05909797822706065,0,0,0,0,1,0,0,0,0,0,0,0,0,1,0
99,Technical Writers,0.501,0.88,0.073,0.036,0.08,0.0,0.0615384615384615,0.2,0.1846153846153846,0.2153846153846154,0.2923076923076923,0.0461538461538461,[16212. 11205.   894. ...     0.     0.     0.],302,Technical Writers,74650,10.975071168816319,0.07363013698630137,0,1,0,0,0,0,0,0,0,0,0,0,1,0,1
100,"Bookkeeping, Accounting, and Auditing Clerks",0.873,0.865,0.077,0.0399999999999999,0.142,0.005089058524173,0.0432569974554707,0.1458863443596268,0.1747243426632739,0.2451229855810008,0.2586938083121289,0.1272264631043257,"[2.25961e+05 2.10180e+04 2.60000e+01 ... 0.00000e+00 0.00000e+00
 0.00000e+00]",39,"Bookkeeping, Accounting, and Auditing Clerks",42410,14.330487552852741,-0.05700286806883365,0,0,0,0,0,0,0,1,0,0,0,1,0,0,0
101,Social Workers,0.8588905289052892,0.6490996309963101,0.2526580565805658,0.0389532595325953,0.149239852398524,0.001230012300123,0.051660516605166,0.2779827798277983,0.2533825338253382,0.2078720787207872,0.1611316113161131,0.041820418204182,[ 1299. 17925.   515. ...     0.     0.     0.],287,Social Workers,51760,13.477517164971122,0.12717330342120023,0,0,0,0,0,0,0,0,0,0,0,0,0,0,0
102,Biochemists and Biophysicists,0.46,0.7979999999999999,0.0559999999999999,0.1369999999999999,0.101,0.0,0.0476190476190476,0.3571428571428571,0.1904761904761904,0.2261904761904762,0.119047619047619,0.0595238095238095,"[1.03584e+06 2.60000e+01 6.29790e+04 ... 0.00000e+00 0.00000e+00
 0.00000e+00]",35,Biochemists and Biophysicists,94270,10.451608961045816,0.04046242774566474,0,0,1,0,0,0,0,0,0,0,0,0,0,0,0
103,Dietitians and Nutritionists,0.914,0.747,0.155,0.082,0.099,0.0,0.0566037735849056,0.2924528301886792,0.1698113207547169,0.2075471698113207,0.1792452830188679,0.0849056603773584,"[3.39135e+05 2.60000e+01 2.02681e+05 ... 0.00000e+00 0.00000e+00
 0.00000e+00]",88,Dietitians and Nutritionists,63090,11.214519429155471,0.07951482479784366,0,1,0,0,0,0,0,0,0,1,0,0,0,0,0
104,Respiratory Therapists,0.7240000000000001,0.75,0.185,0.0229999999999999,0.0699999999999999,0.0,0.0573770491803278,0.1475409836065573,0.3032786885245901,0.2868852459016393,0.180327868852459,0.0163934426229508,[115502.  23739.    521. ...      0.      0.      0.],273,Respiratory Therapists,62810,11.818938494106733,0.19366715758468336,1,0,0,0,0,0,0,0,0,0,0,0,0,0,0
105,"Diagnostic Medical Sonographers and Cardiovascular Technologists and Technicians, Including Vascular Technologists",0.70349889135255,0.8160487804878049,0.0937272727272727,0.0596851441241685,0.0953592017738359,0.0,0.0421286031042128,0.2239467849223946,0.2971175166297117,0.2261640798226164,0.17960088691796,0.0332594235033259,[122079.   7294.  62979. ...      0.      0.      0.],86,"Diagnostic Medical Sonographers and Cardiovascular Technologists and Technicians, Including Vascular Technologists",70380,11.788281887731372,0.11845102505694761,1,0,0,0,0,0,0,0,0,0,0,0,0,0,0
106,Tellers,0.8040000000000002,0.8250000000000001,0.1219999999999999,0.037,0.177,0.039426523297491,0.2114695340501792,0.3082437275985663,0.1648745519713261,0.1111111111111111,0.1218637992831541,0.046594982078853,[46074.    70. 11060. ...     0.     0.     0.],304,Tellers,32620,13.01477816672439,-0.15278396436525613,0,0,0,1,0,0,0,0,0,0,0,0,1,0,0
107,Probation Officers and Correctional Treatment Specialists,0.507,0.6659999999999999,0.269,0.007,0.128,0.0,0.0095238095238095,0.2571428571428571,0.238095238095238,0.3428571428571428,0.1142857142857142,0.0476190476190476,[4.3647e+04 1.0699e+04 2.6000e+01 ... 0.0000e+00 0.0000e+00 0.0000e+00],253,Probation Officers and Correctional Treatment Specialists,55690,11.427367576608582,0.037037037037037035,0,1,0,0,0,0,0,0,0,0,0,0,1,0,0
108,Industrial Engineering Technologists and Technicians,0.1603943661971831,0.770774647887324,0.0896150234741784,0.0839201877934272,0.162075117370892,0.0093896713615023,0.0821596244131455,0.2276995305164319,0.1784037558685446,0.2535211267605634,0.1830985915492957,0.068075117370892,[ 18272.  16741. 207346. ...      0.      0.      0.],154,Industrial Engineering Technologists and Technicians,57320,11.134589024250317,0.014598540145985401,1,0,0,0,0,0,0,0,0,0,0,0,0,0,0
109,Financial Analysts,0.4398614318706697,0.6897344110854503,0.092581986143187,0.1848129330254041,0.0997274826789838,0.0023094688221709,0.0669745958429561,0.3279445727482679,0.2263279445727482,0.2124711316397228,0.1316397228637413,0.0323325635103926,[ 8617. 19919.  4743. ...     0.     0.     0.],111,Financial Analysts,83660,13.097660764763956,0.05494054940549405,0,1,0,0,0,0,0,0,0,0,0,0,0,0,0
110,Mechanical Engineers,0.087,0.804,0.05,0.115,0.067,0.0084033613445378,0.1092436974789916,0.2745098039215686,0.2324929971988795,0.1792717086834734,0.1484593837535014,0.0476190476190476,[39128. 11783.  5957. ...     0.     0.     0.],195,Mechanical Engineers,90160,12.66444640929374,0.03920328801770471,0,1,0,0,0,0,0,0,0,0,0,0,0,0,0
111,Flooring Installers and Tile and Stone Setters,0.0389999999999999,0.937,0.0249999999999999,0.011,0.5319999999999999,0.0174418604651162,0.0465116279069767,0.2209302325581395,0.3372093023255814,0.1976744186046511,0.1220930232558139,0.0523255813953488,"[9.11690e+04 3.50941e+05 2.60000e+01 ... 0.00000e+00 0.00000e+00
 0.00000e+00]",120,Flooring Installers and Tile and Stone Setters,43210,11.723186390453424,0.03322528363047002,0,0,0,0,0,1,0,0,0,0,0,0,0,0,0
112,Gaming Services Workers,0.717,0.687,0.103,0.162,0.139,0.0084388185654008,0.0632911392405063,0.1940928270042194,0.2447257383966244,0.2489451476793249,0.1561181434599156,0.0843881856540084,[11297.  2465. 17925. ...     0.     0.     0.],130,Gaming Services Workers,27050,12.14046688843218,0.10144153764014949,0,0,0,1,0,0,0,0,0,0,0,0,0,0,0
113,Water and Wastewater Treatment Plant and System Operators,0.11,0.8890000000000001,0.084,0.009,0.086,0.0,0.0178571428571428,0.2410714285714285,0.2142857142857142,0.2142857142857142,0.2678571428571428,0.0357142857142857,"[1.44700e+03 2.60000e+01 2.98032e+05 ... 0.00000e+00 0.00000e+00
 0.00000e+00]",315,Water and Wastewater Treatment Plant and System Operators,49090,11.747206760694894,-0.04272151898734177,0,0,0,1,0,0,0,0,0,0,1,0,0,0,0
114,Librarians and Library Media Specialists,0.7830000000000001,0.848,0.0835,0.0375,0.112,0.0085227272727272,0.0454545454545454,0.1590909090909091,0.2613636363636363,0.2244318181818181,0.1761363636363636,0.1306818181818181,[7.4489e+04 2.6000e+01 5.9110e+03 ... 0.0000e+00 0.0000e+00 0.0000e+00],174,Librarians and Library Media Specialists,60820,11.894780707439258,0.049829351535836175,0,1,0,0,0,0,0,0,0,0,0,0,0,0,0
115,Medical Equipment Repairers,0.1619999999999999,0.7290000000000001,0.128,0.098,0.059,0.0136986301369863,0.0821917808219178,0.2054794520547945,0.1506849315068493,0.1780821917808219,0.2602739726027397,0.1095890410958904,[  7294.  20450. 779072. ...      0.      0.      0.],198,Medical Equipment Repairers,51610,10.89488575689709,0.05194805194805195,1,0,0,0,0,0,0,0,0,0,0,1,0,0,0
116,Animal Care and Service Workers,0.526,0.885,0.075,0.0,0.127,0.0694444444444444,0.1111111111111111,0.1666666666666666,0.1944444444444444,0.2083333333333333,0.1388888888888889,0.0972222222222222,[3320.  521.   26. ...    0.    0.    0.],16,Animal Care and Service Workers,26370,12.768256561571306,0.21516101453405528,0,0,0,1,0,0,0,0,0,0,0,0,0,0,0
117,Surgical Technologists,0.713,0.8090000000000002,0.149,0.025,0.173,0.0,0.0833333333333333,0.2962962962962963,0.2129629629629629,0.2222222222222222,0.1388888888888889,0.0462962962962962,[ 78192. 207346.    894. ...      0.      0.      0.],296,Surgical Technologists,49710,11.619984537263637,0.06828391734052111,0,0,0,0,0,0,1,0,0,0,0,0,0,0,0
118,Software Developers,0.1963786259541984,0.5750417302798981,0.0644203562340967,0.3391221374045802,0.0603770992366412,0.0025445292620865,0.0585241730279898,0.3531806615776081,0.2814249363867684,0.1633587786259542,0.1175572519083969,0.0234096692111959,[ 7287. 14728.    70. ...     0.     0.     0.],289,Software Developers,110140,14.20022859292765,0.2150830383882385,0,1,0,0,0,0,0,0,0,0,0,0,0,0,0
119,"Property, Real Estate, and Community Association Managers",0.485,0.847,0.086,0.035,0.129,0.0012804097311139,0.0345710627400768,0.1728553137003841,0.2023047375160051,0.1971830985915492,0.2163892445582586,0.174135723431498,[12047.   312. 10277. ...     0.     0.     0.],255,"Property, Real Estate, and Community Association Managers",59660,12.815566441092866,0.0021745039412883935,0,0,0,1,0,0,0,0,0,0,0,0,0,0,1
120,Middle School Teachers,0.7959999999999999,0.841,0.105,0.0279999999999999,0.105,0.0005932957579353,0.0418273509344408,0.234055176505488,0.2850786116879264,0.2444378522693562,0.1518837140314446,0.0421239988134084,[2053.  281. 1995. ...    0.    0.    0.],205,Middle School Teachers,60810,13.348861296531112,0.035879445064583,0,1,0,0,0,0,0,0,0,0,0,0,0,0,0
121,Adult Basic and Secondary Education and ESL Teachers,0.6747789115646258,0.7839251700680271,0.1177687074829931,0.0648741496598639,0.1109285714285714,0.0521541950113378,0.1179138321995464,0.2222222222222222,0.1802721088435374,0.1791383219954648,0.1428571428571428,0.1043083900226757,[6800. 5538.   26. ...    0.    0.    0.],4,Adult Basic and Secondary Education and ESL Teachers,55350,10.990364584985818,-0.1045531197301855,0,1,0,0,0,0,0,0,0,0,0,0,0,0,0
122,"Claims Adjusters, Appraisers, Examiners, and Investigators",0.604,0.7159999999999999,0.1979999999999999,0.045,0.15,0.0,0.0514285714285714,0.2342857142857143,0.2028571428571428,0.2771428571428571,0.1885714285714285,0.0457142857142857,[  5728. 377943. 655664. ...      0.      0.      0.],55,"Claims Adjusters, Appraisers, Examiners, and Investigators",68130,12.762253971016962,-0.06307339449541284,0,0,0,0,0,0,0,0,0,0,0,0,0,0,0
123,Musicians and Singers,0.3150238095238095,0.7992857142857143,0.1206666666666666,0.0332380952380952,0.1329761904761904,0.0059523809523809,0.1011904761904761,0.2619047619047619,0.1964285714285714,0.1130952380952381,0.125,0.1904761904761904,[2.6026e+04 2.6000e+01 6.1340e+03 ... 0.0000e+00 0.0000e+00 0.0000e+00],210,Musicians and Singers,40583,12.075963960183154,0.009111617312072893,0,0,0,0,0,1,0,0,0,0,1,0,0,0,0
124,Painting and Coating Workers,0.081,0.8699999999999999,0.0779999999999999,0.015,0.322,0.027027027027027,0.0608108108108108,0.2297297297297297,0.25,0.2297297297297297,0.1621621621621621,0.0405405405405405,[9.3460e+03 2.6000e+01 9.8542e+04 ... 0.0000e+00 0.0000e+00 0.0000e+00],226,Painting and Coating Workers,38740,12.008840476000465,0.015225334957369063,0,0,0,0,0,0,0,0,0,0,0,1,0,0,0
125,Food Preparation Workers,0.5810000000000001,0.745,0.1359999999999999,0.0679999999999999,0.292,0.2227722772277227,0.1918316831683168,0.1683168316831683,0.1262376237623762,0.1237623762376237,0.1064356435643564,0.0606435643564356,[  656. 25534. 17925. ...     0.     0.     0.],124,Food Preparation Workers,26070,13.695261985368099,-0.010713882936731702,0,0,0,0,0,1,0,0,0,0,0,0,1,0,0
126,Chemists and Materials Scientists,0.404,0.642,0.107,0.197,0.022,0.0,0.0375,0.4125,0.25,0.125,0.125,0.0375,[48057    26 86421 ...    37    75 50864],50,Chemists and Materials Scientists,80680,11.447853468226514,0.04589114194236926,0,1,0,0,0,0,0,0,0,0,0,0,0,0,0
127,Travel Agents,0.795,0.85,0.073,0.073,0.054,0.0,0.0,0.1372549019607843,0.1176470588235294,0.2941176470588235,0.3137254901960784,0.1372549019607843,[ 3269. 10562.  3770. ...     0.     0.     0.],308,Travel Agents,42350,11.314474526246391,-0.2597560975609756,0,0,0,1,0,0,0,0,0,0,0,1,0,0,0
128,Quality Control Inspectors,0.387,0.772,0.1139999999999999,0.076,0.206,0.0186418109187749,0.081225033288948,0.2037283621837549,0.1957390146471371,0.2529960053262317,0.1837549933422103,0.0639147802929427,[ 3726.  2031. 50474. ...     0.     0.     0.],262,Quality Control Inspectors,40460,13.28804729304526,-0.17014065412641924,0,0,0,1,0,0,0,0,0,0,0,1,0,0,0
129,Computer Network Architects,0.093,0.6779999999999999,0.148,0.155,0.161,0.0,0.0093457943925233,0.1869158878504672,0.3177570093457944,0.3551401869158878,0.1214953271028037,0.0186915887850467,[ 3531.  4285. 35534. ...     0.     0.     0.],63,Computer Network Architects,116780,11.983553898984805,0.04996876951905059,0,1,0,0,0,0,0,0,0,0,0,0,0,1,0
130,Roofers,0.033,0.869,0.051,0.014,0.532,0.0285714285714285,0.1666666666666666,0.2952380952380952,0.238095238095238,0.1476190476190476,0.0857142857142857,0.0428571428571428,[392353.   5305.  14020. ...      0.      0.      0.],275,Roofers,43580,11.992879425069132,0.023514851485148515,0,0,0,0,0,1,0,0,0,0,0,1,0,0,0
131,Postsecondary Teachers,0.659905723905724,0.7653265993265993,0.1014562289562289,0.0935151515151515,0.1154006734006734,0.0180976430976431,0.0959595959595959,0.2117003367003367,0.1919191919191919,0.194023569023569,0.186026936026936,0.101010101010101,[ 62979.   1995. 185792. ...      0.      0.      0.],248,Postsecondary Teachers,80790,14.100614309401255,0.09136025265057524,0,0,0,0,0,0,0,0,0,0,0,0,0,0,0
132,Butchers,0.257,0.751,0.162,0.055,0.4009999999999999,0.0413533834586466,0.1165413533834586,0.206766917293233,0.2368421052631578,0.18796992481203,0.150375939849624,0.0601503759398496,[56438.  1465. 23372. ...     0.     0.     0.],42,Butchers,32900,11.831379196088763,0.016727272727272726,0,0,0,0,0,1,0,0,0,0,1,0,0,0,0
133,Social and Human Service Assistants,0.796,0.726,0.189,0.032,0.149,0.008695652173913,0.1260869565217391,0.1913043478260869,0.2217391304347826,0.1608695652173913,0.2260869565217391,0.0652173913043478,[1299.   26. 2268. ...    0.    0.    0.],286,Social and Human Service Assistants,35960,12.961255217009573,0.16799812030075187,0,0,0,1,0,0,0,0,0,0,0,0,1,0,0
134,Landscape Architects,0.282,0.788,0.072,0.125,0.0849999999999999,0.0,0.0210526315789473,0.2631578947368421,0.2526315789473684,0.1789473684210526,0.1842105263157894,0.1,[29940. 35534.  3009. ...     0.     0.     0.],172,Landscape Architects,70630,10.106428396532818,-0.024489795918367346,0,1,0,0,0,0,0,0,0,1,0,0,0,0,0
135,Grounds Maintenance Workers,0.065463829787234,0.8582263829787232,0.0887940425531914,0.0091651063829787,0.4237565957446808,0.0612765957446808,0.1046808510638298,0.2195744680851064,0.2331914893617021,0.171063829787234,0.1582978723404255,0.0527659574468085,[ 4770. 20753. 17925. ...     0.     0.     0.],139,Grounds Maintenance Workers,32220,14.081943457376882,0.10020684900022983,0,0,0,0,0,0,0,0,0,0,0,0,0,0,0
136,School and Career Counselors,0.7495167464114832,0.7549641148325359,0.1822212918660287,0.0323145933014354,0.1508660287081339,0.0119617224880382,0.0598086124401913,0.2906698564593301,0.2296650717703349,0.200956937799043,0.1435406698564593,0.0633971291866028,[  281. 48437.   515. ...     0.     0.     0.],278,School and Career Counselors,58120,12.717398144337816,0.08035982008995503,0,0,0,0,1,0,0,0,0,0,0,0,0,0,0
137,Logisticians,0.381,0.8259999999999998,0.118,0.044,0.206,0.0,0.0272108843537414,0.2925170068027211,0.2108843537414966,0.238095238095238,0.1700680272108843,0.0544217687074829,[5.2736e+05 4.5205e+04 2.6000e+01 ... 0.0000e+00 0.0000e+00 0.0000e+00],181,Logisticians,76270,12.145260506133416,0.04357066950053135,0,1,0,0,0,0,0,0,0,0,0,0,0,0,0
138,Heavy Vehicle and Mobile Equipment Service Technicians,0.008,0.937,0.037,0.008,0.191,0.0052356020942408,0.1047120418848167,0.2670157068062827,0.2356020942408377,0.1727748691099476,0.1570680628272251,0.0575916230366492,[ 4559. 14604.    26. ...     0.     0.     0.],146,Heavy Vehicle and Mobile Equipment Service Technicians,53370,12.29270895218972,0.0041265474552957355,0,0,0,1,0,0,0,0,0,0,1,0,0,0,0
139,Producers and Directors,0.452,0.838,0.0609999999999999,0.067,0.087,0.011049723756906,0.0441988950276243,0.3314917127071823,0.2320441988950276,0.2265193370165746,0.0994475138121546,0.0552486187845303,[15624.    26.  6662. ...     0.     0.     0.],254,Producers and Directors,76400,11.979799201207037,0.10031347962382445,0,1,0,0,0,0,0,0,0,0,0,0,0,0,1
140,Information Security Analysts,0.114,0.798,0.119,0.069,0.158,0.0,0.0583941605839416,0.2773722627737226,0.2846715328467153,0.1897810218978102,0.1386861313868613,0.0437956204379562,[ 5386.  4739. 19919. ...     0.     0.     0.],159,Information Security Analysts,103590,11.782952602183288,0.31221374045801525,0,1,0,0,0,0,0,0,0,0,0,0,0,0,1
141,Occupational Health and Safety Specialists and Technicians,0.3579999999999999,0.903,0.016,0.0289999999999999,0.1169999999999999,0.0,0.0352941176470588,0.2470588235294117,0.2117647058823529,0.2117647058823529,0.2235294117647059,0.0588235294117647,[8.5585e+04 2.5410e+03 2.6000e+01 ... 0.0000e+00 0.0000e+00 0.0000e+00],218,Occupational Health and Safety Specialists and Technicians,72530,11.716682302484248,0.03915171288743882,0,0,0,0,0,0,0,0,0,0,0,0,0,0,0
142,Construction Managers,0.084,0.914,0.0329999999999999,0.0289999999999999,0.145,0.0010351966873706,0.025879917184265,0.1801242236024844,0.2660455486542443,0.2556935817805383,0.2028985507246377,0.067287784679089,[13671.  3526.  1367. ...     0.     0.     0.],71,Construction Managers,97180,13.074642641192916,0.08474931822949444,0,1,0,0,0,0,0,0,0,0,0,1,0,0,0
143,Public Relations and Fundraising Managers,0.6640000000000001,0.91,0.043,0.0229999999999999,0.076,0.0,0.0421052631578947,0.2210526315789473,0.3052631578947368,0.2105263157894736,0.1789473684210526,0.0421052631578947,[ 2572. 19926.  3526. ...     0.     0.     0.],259,Public Relations and Fundraising Managers,118430,11.385092093460344,0.09204545454545454,0,1,0,0,0,0,0,0,0,0,0,0,0,1,0
144,"Plumbers, Pipefitters, and Steamfitters",0.023,0.881,0.069,0.0169999999999999,0.245,0.0186219739292365,0.0931098696461825,0.2569832402234637,0.2197392923649906,0.1973929236499069,0.1694599627560521,0.0446927374301676,[6.2559e+04 6.2979e+04 2.6000e+01 ... 0.0000e+00 0.0000e+00 0.0000e+00],241,"Plumbers, Pipefitters, and Steamfitters",56330,13.102568750076149,0.04263565891472868,0,0,0,1,0,0,0,0,1,0,0,0,0,0,0
145,Medical Records and Health Information Technicians,0.7530811965811965,0.6760128205128205,0.1979551282051282,0.0902051282051282,0.1124594017094017,0.0106837606837606,0.0662393162393162,0.2115384615384615,0.2606837606837607,0.2136752136752136,0.1794871794871795,0.0598290598290598,[7294. 2317.   26. ...    0.    0.    0.],199,Medical Records and Health Information Technicians,44090,12.741395740896552,0.08489461358313817,0,0,0,0,0,0,1,0,0,0,0,0,0,0,0
146,Computer Support Specialists,0.259,0.722,0.13,0.1069999999999999,0.116,0.0136363636363636,0.0606060606060606,0.2878787878787879,0.2606060606060606,0.203030303030303,0.1439393939393939,0.0287878787878787,[ 3531.  1215. 20304. ...     0.     0.     0.],65,Computer Support Specialists,55510,13.690287413210196,0.07627791000793381,0,0,0,0,0,0,0,0,0,0,0,0,0,0,0
147,Fashion Designers,0.560111633372503,0.8122878965922445,0.0628284371327849,0.0927391304347826,0.1232209165687426,0.0117508813160987,0.0564042303172738,0.2949471210340775,0.2491186839012926,0.1774383078730904,0.1433607520564042,0.0646298472385428,[2365. 9197. 4300. ...    0.    0.    0.],109,Fashion Designers,75810,10.25061708363133,-0.045936395759717315,0,1,0,0,0,0,0,0,0,0,0,0,0,0,0
148,"Industrial Machinery Mechanics, Machinery Maintenance Workers, and Millwrights",0.042,0.956,0.013,0.011,0.0579999999999999,0.0175438596491228,0.0526315789473684,0.1228070175438596,0.2105263157894736,0.3508771929824561,0.2280701754385964,0.0175438596491228,[18272. 82852. 51612. ...     0.     0.     0.],156,"Industrial Machinery Mechanics, Machinery Maintenance Workers, and Millwrights",54920,13.164080970756197,0.1344715135238826,0,0,0,1,0,0,0,0,0,0,0,0,0,0,0
149,Court Reporters and Simultaneous Captioners,0.6620326086956522,0.7495652173913044,0.1425163043478261,0.0635815217391304,0.088375,0.0,0.0706521739130434,0.2934782608695652,0.2065217391304347,0.2065217391304347,0.1467391304347826,0.0760869565217391,[ 3619. 17824.  4300. ...     0.     0.     0.],75,Court Reporters and Simultaneous Captioners,61660,9.6614159913364,0.08917197452229299,0,0,0,0,0,0,1,0,0,0,0,0,1,0,0
150,Mechanical Engineering Technicians,0.1603943661971831,0.770774647887324,0.0896150234741784,0.0839201877934272,0.162075117370892,0.0093896713615023,0.0821596244131455,0.2276995305164319,0.1784037558685446,0.2535211267605634,0.1830985915492957,0.068075117370892,[39128. 16741. 39928. ...     0.     0.     0.],194,Mechanical Engineering Technicians,58230,10.680516217076775,0.03218390804597701,1,0,0,0,0,0,0,0,0,0,0,0,0,0,0
151,Flight Attendants,0.797,0.65,0.1929999999999999,0.106,0.103,0.0,0.037037037037037,0.2098765432098765,0.1481481481481481,0.2222222222222222,0.3333333333333333,0.037037037037037,[ 4636. 34682. 10931. ...     0.     0.     0.],119,Flight Attendants,59050,11.710956315469362,0.17309269893355209,0,0,0,1,0,0,0,0,0,0,0,1,0,0,1
152,Special Effects Artists and Animators,0.535,0.857,0.036,0.061,0.093,0.00390625,0.05078125,0.2890625,0.19140625,0.1640625,0.15625,0.14453125,[1216. 7144. 2487. ...    0.    0.    0.],292,Special Effects Artists and Animators,77700,11.119882876860622,0.04148148148148148,0,1,0,0,0,0,0,0,0,0,0,0,0,0,0
153,Pharmacists,0.6160000000000001,0.679,0.083,0.2,0.034,0.0061162079510703,0.0214067278287461,0.2996941896024465,0.2996941896024465,0.2140672782874617,0.1192660550458715,0.036697247706422,[ 91519. 214702.  28254. ...      0.      0.      0.],232,Pharmacists,128710,12.681374713227118,-0.03263910475598383,0,0,1,0,0,0,0,0,0,0,0,0,0,0,0
154,"Drywall Installers, Ceiling Tile Installers, and Tapers",0.058,0.892,0.01,0.0279999999999999,0.7309999999999999,0.0121212121212121,0.0848484848484848,0.2363636363636363,0.3272727272727272,0.1696969696969697,0.1393939393939394,0.0242424242424242,"[2.29369e+05 3.50941e+05 2.60000e+01 ... 0.00000e+00 0.00000e+00
 0.00000e+00]",90,"Drywall Installers, Ceiling Tile Installers, and Tapers",48830,11.897507362161969,-0.0020422055820285907,0,0,0,0,0,1,0,0,0,0,0,1,0,0,0
155,Veterinary Assistants and Laboratory Animal Caretakers,0.7579999999999999,0.803,0.026,0.018,0.267,0.0833333333333333,0.2166666666666666,0.4333333333333333,0.15,0.0666666666666666,0.0333333333333333,0.0,"[1.26995e+05 1.28500e+04 2.60000e+01 ... 0.00000e+00 0.00000e+00
 0.00000e+00]",312,Veterinary Assistants and Laboratory Animal Caretakers,29930,11.507912923146684,0.1577889447236181,0,0,0,1,0,0,0,0,0,0,0,0,1,0,0
156,Automotive Body and Glass Repairers,0.01,0.8740000000000001,0.073,0.022,0.2789999999999999,0.0495867768595041,0.0826446280991735,0.1570247933884297,0.2479338842975206,0.2148760330578512,0.2066115702479339,0.0495867768595041,[3.7468e+04 1.0830e+03 2.6000e+01 ... 0.0000e+00 0.0000e+00 0.0000e+00],29,Automotive Body and Glass Repairers,44190,12.099044072771651,0.023928770172509738,0,0,0,1,0,0,0,0,0,0,0,0,0,0,0
157,Automotive Service Technicians and Mechanics,0.014,0.828,0.091,0.035,0.283,0.0333333333333333,0.124,0.26,0.1986666666666666,0.188,0.1533333333333333,0.0426666666666666,[37468.  2465. 39928. ...     0.     0.     0.],30,Automotive Service Technicians and Mechanics,44050,13.536589991181065,-0.03674332540311922,0,0,0,0,0,0,1,0,0,0,0,0,1,0,0
158,Dental Hygienists,0.939,0.889,0.021,0.077,0.105,0.0052631578947368,0.0421052631578947,0.2842105263157894,0.1947368421052631,0.2473684210526315,0.1736842105263158,0.0473684210526315,[ 21630. 327931.  62920. ...      0.      0.      0.],83,Dental Hygienists,77090,12.330058625311166,0.05874558303886926,1,0,0,0,0,0,0,0,0,0,0,0,0,0,0
159,Nursing Assistants and Orderlies,0.8870804020100502,0.5635743718592965,0.3588653266331658,0.0468934673366834,0.1691894472361809,0.0301507537688442,0.1271356783919598,0.2256281407035175,0.1864321608040201,0.1854271356783919,0.1753768844221105,0.071859296482412,[17896. 12850.   692. ...     0.     0.     0.],217,Nursing Assistants and Orderlies,30830,14.272365622454734,0.07567601798492812,0,0,0,0,0,0,0,0,0,0,0,0,0,0,0
160,Cooks,0.421,0.7429999999999999,0.16,0.054,0.36,0.1520136131593874,0.1503119682359614,0.2024957458876914,0.1741349971639251,0.1446398184912081,0.1315938740782756,0.0448099829835507,[3508. 6165. 1009. ...    0.    0.    0.],72,Cooks,27250,14.760077716790086,0.09977835672901193,0,0,0,0,0,0,0,0,0,0,0,0,0,0,0
161,Financial Managers,0.5260000000000001,0.794,0.097,0.0819999999999999,0.099,0.0,0.0297937356760886,0.2077922077922078,0.2528647822765469,0.2681436210847975,0.1909854851031321,0.0504201680672268,[8617. 3526.   70. ...    0.    0.    0.],114,Financial Managers,134180,13.455831105005243,0.15489325118211777,0,1,0,0,0,0,0,0,0,0,0,0,0,1,0
162,Microbiologists,0.46,0.7979999999999999,0.0559999999999999,0.1369999999999999,0.101,0.0,0.0476190476190476,0.3571428571428571,0.1904761904761904,0.2261904761904762,0.119047619047619,0.0595238095238095,[960629.   1915.  62979. ...      0.      0.      0.],204,Microbiologists,84400,9.913437883389296,0.0297029702970297,0,1,0,0,0,0,0,0,0,0,0,0,0,0,0
163,Chemical Technicians,0.426,0.8250000000000001,0.103,0.0499999999999999,0.121,0.0147058823529411,0.088235294117647,0.3529411764705882,0.1911764705882352,0.1764705882352941,0.1323529411764706,0.0441176470588235,[15458. 39928.   716. ...     0.     0.     0.],49,Chemical Technicians,49820,11.128732492137603,0.027900146842878122,1,0,0,0,0,0,0,0,0,0,0,1,0,0,0
164,Sheet Metal Workers,0.056,0.8729999999999999,0.045,0.032,0.134,0.024390243902439,0.089430894308943,0.2276422764227642,0.1951219512195122,0.2520325203252032,0.1951219512195122,0.008130081300813,[13513.  5484. 17925. ...     0.     0.     0.],282,Sheet Metal Workers,51370,11.832832684716747,0.013071895424836602,0,0,0,1,0,0,0,0,1,0,0,0,0,0,0
165,Architectural and Engineering Managers,0.095,0.842,0.034,0.095,0.047,0.0,0.0116959064327485,0.1111111111111111,0.2631578947368421,0.2514619883040935,0.2982456140350877,0.0584795321637426,"[1.08174e+05 2.60000e+01 1.67410e+04 ... 0.00000e+00 0.00000e+00
 0.00000e+00]",21,Architectural and Engineering Managers,149530,12.196527232686643,0.02574457344775366,0,1,0,0,0,0,0,0,0,0,0,0,0,1,0
166,Security Guards and Gambling Surveillance Officers,0.25,0.61,0.311,0.039,0.196,0.01625,0.12625,0.2375,0.16625,0.1575,0.17875,0.1175,[4739. 7978.   26. ...    0.    0.    0.],281,Security Guards and Gambling Surveillance Officers,31080,13.967888238385157,0.0285935085007728,0,0,0,1,0,0,0,0,0,0,0,0,0,0,0
167,Training and Development Managers,0.5579999999999999,0.854,0.092,0.002,0.1009999999999999,0.0,0.0,0.3653846153846153,0.3653846153846153,0.1346153846153846,0.1346153846153846,0.0192307692307692,[3004.   26. 8404. ...    0.    0.    0.],306,Training and Development Managers,115640,10.65254236503437,0.07328605200945626,0,1,0,0,0,0,0,0,0,0,0,0,0,1,0
168,Postal Service Workers,0.367,0.7270000000000001,0.1869999999999999,0.0679999999999999,0.1359999999999999,0.0064102564102564,0.0448717948717948,0.1762820512820513,0.2435897435897435,0.2628205128205128,0.2339743589743589,0.0352564102564102,[37976.  2465. 17925. ...     0.     0.     0.],246,Postal Service Workers,51150,13.12854423647941,-0.14351023653349235,0,0,0,1,0,0,0,0,0,0,0,0,1,0,0
169,Electricians,0.0309999999999999,0.878,0.076,0.017,0.238,0.0210876803551609,0.0954495005549389,0.2341842397336293,0.2264150943396226,0.2175360710321864,0.1576026637069922,0.0466148723640399,[96954. 19390. 18298. ...     0.     0.     0.],96,Electricians,56900,13.513323799309612,0.08414502164502165,0,0,0,1,0,0,0,0,1,0,0,0,0,0,0
170,Special Education Teachers,0.8140000000000002,0.875,0.072,0.018,0.089,0.003012048192771,0.0421686746987951,0.216867469879518,0.2710843373493976,0.2319277108433735,0.1957831325301204,0.0391566265060241,[1216. 4879. 1995. ...    0.    0.    0.],291,Special Education Teachers,61420,13.002903937367002,0.03222898354744196,0,1,0,0,0,0,0,0,0,0,0,0,0,0,0
171,Customer Service Representatives,0.6379999999999999,0.731,0.177,0.049,0.196,0.0811148086522462,0.1551580698835274,0.2791181364392678,0.1776206322795341,0.1326955074875208,0.1310316139767054,0.0428452579034941,[ 7922.  2465. 32820. ...     0.     0.     0.],77,Customer Service Representatives,35830,14.92036995939285,-0.019544189744269247,0,0,0,1,0,0,0,0,0,0,0,0,1,0,0
172,Market Research Analysts,0.586,0.828,0.065,0.0809999999999999,0.091,0.0091324200913242,0.1255707762557077,0.3675799086757991,0.2031963470319634,0.1872146118721461,0.0730593607305936,0.0365296803652968,[ 4163.  5957. 19919. ...     0.     0.     0.],186,Market Research Analysts,65810,13.511834595758144,0.17653434493971007,0,1,0,0,0,0,0,0,0,0,0,0,0,0,0
173,Surveying and Mapping Technicians,0.0989999999999999,0.8959999999999999,0.032,0.03,0.063,0.0178571428571428,0.1428571428571428,0.1964285714285714,0.0892857142857142,0.2857142857142857,0.1607142857142857,0.1071428571428571,"[2.43413e+05 2.60000e+01 6.80360e+04 ... 0.00000e+00 0.00000e+00
 0.00000e+00]",297,Surveying and Mapping Technicians,46200,10.975071168816319,0.00684931506849315,0,0,0,1,0,0,0,0,0,0,0,1,0,0,0
174,Industrial Engineers,0.2339999999999999,0.747,0.052,0.191,0.059,0.0,0.04,0.3377777777777778,0.16,0.2177777777777777,0.1911111111111111,0.0488888888888888,[18272. 11783.   470. ...     0.     0.     0.],155,Industrial Engineers,88950,12.597438829258836,0.10141987829614604,0,1,0,0,0,0,0,0,0,0,0,0,0,0,0
175,Nuclear Technicians,0.541,0.78,0.049,0.109,0.107,0.0116279069767441,0.2093023255813953,0.3217054263565891,0.1782945736434108,0.1201550387596899,0.127906976744186,0.0310077519379844,[11642. 39928. 41222. ...     0.     0.     0.],215,Nuclear Technicians,84190,8.809862805379057,-0.19402985074626866,1,0,0,0,0,0,0,0,0,0,0,1,0,0,0
176,Waiters and Waitresses,0.7000000000000001,0.758,0.113,0.072,0.221,0.1865994236311239,0.3256484149855908,0.223342939481268,0.1174351585014409,0.0763688760806916,0.0511527377521613,0.0194524495677233,[3.1112e+04 2.6000e+01 3.5524e+04 ... 0.0000e+00 0.0000e+00 0.0000e+00],314,Waiters and Waitresses,23740,14.776315659145073,0.03734027086999771,0,0,0,0,0,1,0,0,0,0,0,0,1,0,0
177,Aerospace Engineers,0.1159999999999999,0.833,0.0679999999999999,0.091,0.105,0.0,0.0387596899224806,0.2945736434108527,0.2015503875968992,0.1550387596899224,0.2790697674418604,0.0310077519379844,[119696.  11783.   3009. ...      0.      0.      0.],8,Aerospace Engineers,118610,11.103452335464524,0.0286144578313253,0,1,0,0,0,0,0,0,0,0,0,0,0,0,0
178,Cashiers,0.7309999999999999,0.7109999999999999,0.171,0.063,0.255,0.2672413793103448,0.2480407523510971,0.155564263322884,0.0975705329153605,0.0944357366771159,0.0858150470219435,0.0509404388714733,[30300.  7014. 23334. ...     0.     0.     0.],46,Cashiers,25020,15.096694372181545,-0.07367602543808492,0,0,0,0,0,1,0,0,0,0,0,0,1,0,0
179,Zoologists and Wildlife Biologists,0.46,0.7979999999999999,0.0559999999999999,0.1369999999999999,0.101,0.0,0.0476190476190476,0.3571428571428571,0.1904761904761904,0.2261904761904762,0.119047619047619,0.0595238095238095,"[9.02443e+05 2.60000e+01 2.99700e+04 ... 0.00000e+00 0.00000e+00
 0.00000e+00]",323,Zoologists and Wildlife Biologists,66350,9.95227771670556,0.0380952380952381,0,1,0,0,0,0,0,0,0,0,0,0,0,0,0
180,Interior Designers,0.560111633372503,0.8122878965922445,0.0628284371327849,0.0927391304347826,0.1232209165687426,0.0117508813160987,0.0564042303172738,0.2949471210340775,0.2491186839012926,0.1774383078730904,0.1433607520564042,0.0646298472385428,[8466. 9197.  183. ...    0.    0.    0.],164,Interior Designers,57060,11.26318123185884,-0.04878048780487805,0,1,0,0,0,0,0,0,0,0,0,0,0,0,0
181,Dental Assistants,0.937,0.858,0.055,0.043,0.317,0.0277777777777777,0.1388888888888889,0.3194444444444444,0.2048611111111111,0.1666666666666666,0.1145833333333333,0.0208333333333333,[21630. 12850.    64. ...     0.     0.     0.],82,Dental Assistants,41180,12.778745672622245,0.06598984771573604,0,0,0,0,0,0,1,0,0,0,0,0,0,0,0
182,"Meeting, Convention, and Event Planners",0.7370000000000001,0.858,0.077,0.0479999999999999,0.119,0.0084745762711864,0.0847457627118644,0.3474576271186441,0.2203389830508474,0.1949152542372881,0.1186440677966101,0.0254237288135593,[ 2713. 15934.    26. ...     0.     0.     0.],202,"Meeting, Convention, and Event Planners",51560,11.83934736573794,0.07792207792207792,0,1,0,0,0,0,0,0,0,0,0,0,0,0,0
183,Private Detectives and Investigators,0.454,0.716,0.2189999999999999,0.038,0.162,0.0,0.0666666666666666,0.3,0.2333333333333333,0.2444444444444444,0.1444444444444444,0.0222222222222222,[ 4734. 20007.    26. ...     0.     0.     0.],252,Private Detectives and Investigators,53320,10.496814397813862,0.08287292817679558,0,0,0,1,0,0,0,0,0,0,0,1,0,0,1
184,Database Administrators,0.288,0.621,0.059,0.301,0.0559999999999999,0.0,0.0578512396694214,0.2727272727272727,0.1983471074380165,0.2975206611570248,0.1239669421487603,0.0495867768595041,[31301. 44322.   716. ...     0.     0.     0.],79,Database Administrators,98860,11.794337924408413,0.09660377358490566,0,1,0,0,0,0,0,0,0,0,0,0,0,0,0
185,Civil Engineers,0.16,0.8190000000000002,0.0389999999999999,0.1359999999999999,0.124,0.0023696682464454,0.0734597156398104,0.2890995260663507,0.2109004739336493,0.1753554502369668,0.2014218009478673,0.0497630331753554,[  7846.  11783. 109834. ...      0.      0.      0.],54,Civil Engineers,88570,12.704420747785052,0.016707168894289186,0,1,0,0,0,0,0,0,0,0,0,0,0,0,0
186,Health and Safety Engineers,0.2339999999999999,0.747,0.052,0.191,0.059,0.0,0.04,0.3377777777777778,0.16,0.2177777777777777,0.1911111111111111,0.0488888888888888,[2541.   26. 8058. ...    0.    0.    0.],142,Health and Safety Engineers,94240,10.181119289134408,0.03787878787878788,0,1,0,0,0,0,0,0,0,0,0,0,0,0,0
187,"Securities, Commodities, and Financial Services Sales Agents",0.228,0.8520000000000001,0.043,0.09,0.0819999999999999,0.0041322314049586,0.0743801652892562,0.2231404958677686,0.2272727272727272,0.2107438016528925,0.2024793388429752,0.0578512396694214,[4.7390e+03 8.4641e+04 2.6000e+01 ... 0.0000e+00 0.0000e+00 0.0000e+00],280,"Securities, Commodities, and Financial Services Sales Agents",64770,13.048070772822474,0.037483843171046964,0,1,0,0,0,0,0,0,0,0,0,1,0,0,0
188,Architects,0.282,0.788,0.072,0.125,0.0849999999999999,0.0,0.0210526315789473,0.2631578947368421,0.2526315789473684,0.1789473684210526,0.1842105263157894,0.1,[3.5534e+04 1.3670e+03 2.6000e+01 ... 0.0000e+00 0.0000e+00 0.0000e+00],20,Architects,82320,11.77452020265869,0.008468052347959968,0,1,0,0,0,0,0,0,0,1,0,0,0,0,0
189,Nuclear Medicine Technologists,0.70349889135255,0.8160487804878048,0.0937272727272727,0.0596851441241685,0.0953592017738359,0.0,0.0421286031042128,0.2239467849223946,0.2971175166297117,0.2261640798226164,0.17960088691796,0.0332594235033259,[ 11642.   8521. 207346. ...      0.      0.      0.],214,Nuclear Medicine Technologists,79590,9.825526011066415,0.05405405405405406,1,0,0,0,0,0,0,0,0,0,0,0,0,0,0
190,Skincare Specialists,0.8297552447552448,0.2897762237762238,0.0634615384615384,0.613937062937063,0.1105104895104895,0.0174825174825174,0.0944055944055944,0.1853146853146853,0.2447552447552447,0.2867132867132867,0.1293706293706293,0.0419580419580419,[49666. 20304. 36316. ...     0.     0.     0.],283,Skincare Specialists,36510,11.272126978417297,0.16666666666666666,0,0,0,0,0,0,1,0,0,0,0,0,0,0,0
191,Wholesale and Manufacturing Sales Representatives,0.305,0.8879999999999999,0.045,0.042,0.136,0.0041084634346754,0.047658175842235,0.2054231717337715,0.2276088742810189,0.2399342645850452,0.200493015612161,0.0747740345110928,[3.9414e+04 2.6000e+01 3.0640e+04 ... 0.0000e+00 0.0000e+00 0.0000e+00],319,Wholesale and Manufacturing Sales Representatives,65420,14.35824174274125,0.015226361364560934,0,0,0,0,0,0,0,0,0,0,0,1,0,0,0
192,Medical and Health Services Managers,0.703,0.776,0.133,0.056,0.115,0.0014064697609001,0.0168776371308016,0.189873417721519,0.2573839662447257,0.2784810126582278,0.1997187060478199,0.0562587904360056,[7294.   26. 2541. ...    0.    0.    0.],196,Medical and Health Services Managers,104280,12.953471240922035,0.3154155813402794,0,1,0,0,0,0,0,0,0,0,0,0,0,0,1
193,Teacher Assistants,0.801,0.741,0.1359999999999999,0.076,0.166,0.0327868852459016,0.151639344262295,0.2696721311475409,0.1598360655737705,0.1795081967213114,0.1557377049180328,0.05,[ 1995. 12850.   320. ...     0.     0.     0.],301,Teacher Assistants,28900,14.14904992650085,0.03617737660290852,0,0,0,0,0,0,0,1,0,0,0,0,0,0,0
194,Food Service Managers,0.4660000000000001,0.777,0.098,0.094,0.198,0.0293040293040293,0.1016483516483516,0.2481684981684981,0.2298534798534798,0.1996336996336996,0.1327838827838827,0.0586080586080586,[ 656. 2465. 3526. ...    0.    0.    0.],125,Food Service Managers,56590,12.773089548945906,0.006239364719228588,0,0,0,1,0,0,0,0,0,0,0,0,0,0,1
195,Funeral Service Workers,0.3836796270232231,0.8248298733286418,0.0862832512315271,0.0615158339197748,0.1048805418719211,0.0021111893033075,0.025158339197748,0.1715341308937368,0.2466572836030964,0.2575650950035186,0.2125263898662913,0.0844475721323012,[ 8778.  2465. 17925. ...     0.     0.     0.],129,Funeral Service Workers,58170,10.918718232265187,-0.03985507246376811,1,0,0,0,0,0,0,0,0,0,0,0,0,0,0
196,Management Analysts,0.427,0.7779999999999999,0.084,0.119,0.093,0.0010030090270812,0.0411233701103309,0.2367101303911735,0.2086258776328987,0.2096288866599799,0.1865596790371113,0.1163490471414242,[ 6013. 19919.  3173. ...     0.     0.     0.],183,Management Analysts,87660,13.683463777043942,0.10704096770512382,0,1,0,0,0,0,0,0,0,0,0,0,0,0,1
197,Public Relations Specialists,0.594,0.833,0.11,0.0339999999999999,0.1359999999999999,0.0068965517241379,0.0758620689655172,0.3103448275862069,0.2275862068965517,0.2,0.1310344827586207,0.0551724137931034,[ 2572. 19926. 20304. ...     0.     0.     0.],260,Public Relations Specialists,62810,12.523070772316007,0.07174071376547705,0,1,0,0,0,0,0,0,0,0,0,0,0,0,0
198,Industrial Designers,0.560111633372503,0.8122878965922445,0.0628284371327849,0.0927391304347826,0.1232209165687426,0.0117508813160987,0.0564042303172738,0.2949471210340775,0.2491186839012926,0.1774383078730904,0.1433607520564042,0.0646298472385428,[18272.  9197. 16437. ...     0.     0.     0.],153,Industrial Designers,71640,10.650175500024103,-0.035545023696682464,0,1,0,0,0,0,0,0,0,0,0,0,0,0,0
199,Administrative Services and Facilities Managers,0.402537688442211,0.8791155778894472,0.0640251256281407,0.0373919597989949,0.1400452261306532,0.0,0.0150753768844221,0.1457286432160804,0.2110552763819095,0.3065326633165829,0.2613065326633166,0.0603015075376884,[5.6938e+04 2.4650e+03 2.6000e+01 ... 0.0000e+00 0.0000e+00 0.0000e+00],3,Administrative Services and Facilities Managers,98890,12.694345864825653,0.06505062902730899,0,1,0,0,0,0,0,0,0,0,0,0,0,0,1
200,Property Appraisers and Assessors,0.297,0.965,0.0229999999999999,0.012,0.06,0.0,0.0232558139534883,0.1046511627906976,0.1744186046511628,0.2441860465116279,0.3023255813953488,0.1627906976744186,"[1.20470e+04 6.55664e+05 2.60000e+01 ... 0.00000e+00 0.00000e+00
 0.00000e+00]",256,Property Appraisers and Assessors,58650,11.226575837752225,0.02929427430093209,0,1,0,0,0,0,0,0,0,0,1,0,0,0,0
201,Fundraisers,0.7479999999999999,0.8500000000000001,0.037,0.084,0.074,0.0,0.0404040404040404,0.2727272727272727,0.2121212121212121,0.2222222222222222,0.1717171717171717,0.0808080808080808,[31737. 31636.  2466. ...     0.     0.     0.],128,Fundraisers,59610,11.518907536647776,0.14314115308151093,0,1,0,0,0,0,0,0,0,0,0,0,0,0,0
202,Preschool and Childcare Center Directors,0.6649999999999999,0.7949999999999999,0.143,0.0329999999999999,0.12,0.0031645569620253,0.0073839662447257,0.1550632911392405,0.2805907172995781,0.3122362869198312,0.1856540084388185,0.0569620253164556,"[5.58060e+04 2.60000e+01 1.01204e+05 ... 0.00000e+00 0.00000e+00
 0.00000e+00]",250,Preschool and Childcare Center Directors,49160,11.144756141605761,0.010115606936416185,0,1,0,0,0,0,0,0,0,0,0,0,0,0,1
203,Licensed Practical and Licensed Vocational Nurses,0.8999999999999999,0.6799999999999999,0.256,0.0289999999999999,0.153,0.0100671140939597,0.0637583892617449,0.2416107382550335,0.2382550335570469,0.1963087248322147,0.1912751677852349,0.0587248322147651,[51333. 19569. 11443. ...     0.     0.     0.],176,Licensed Practical and Licensed Vocational Nurses,48820,13.489364819060365,0.09103505611750035,0,0,0,0,0,0,1,0,0,0,0,0,0,0,0
204,Film and Video Editors and Camera Operators,0.311,0.745,0.163,0.0579999999999999,0.185,0.02,0.09,0.32,0.23,0.14,0.15,0.05,[1251.   26.  286. ...    0.    0.    0.],110,Film and Video Editors and Camera Operators,61900,11.125791313546788,0.18262150220913106,0,1,0,0,0,0,0,0,0,0,0,0,0,0,0
205,"Compensation, Benefits, and Job Analysis Specialists",0.76,0.846,0.112,0.022,0.097,0.0135135135135135,0.0675675675675675,0.1891891891891892,0.1756756756756756,0.2297297297297297,0.2837837837837837,0.0405405405405405,[5.0003e+04 1.1411e+04 2.6000e+01 ... 0.0000e+00 0.0000e+00 0.0000e+00],58,"Compensation, Benefits, and Job Analysis Specialists",67190,11.455296352133592,0.07944915254237288,0,1,0,0,0,0,0,0,0,0,0,0,0,0,1
206,Environmental Science and Protection Technicians,0.541,0.78,0.049,0.109,0.107,0.0116279069767441,0.2093023255813953,0.3217054263565891,0.1782945736434108,0.1201550387596899,0.127906976744186,0.0310077519379844,[3.5115e+04 4.0510e+03 2.6000e+01 ... 0.0000e+00 0.0000e+00 0.0000e+00],104,Environmental Science and Protection Technicians,46850,10.45449496593495,0.08357348703170028,1,0,0,0,0,0,0,0,0,0,0,0,0,0,0
207,Physicians and Surgeons,0.3981444557477111,0.6784598168870803,0.0826378433367243,0.2152756866734486,0.091735503560529,0.0,0.0040691759918616,0.2522889114954221,0.2390640895218718,0.2187182095625635,0.17293997965412,0.1139369277721261,[48057    26 86421 ...    37    75 50864],239,Physicians and Surgeons,112158,13.531023376409012,0.03628389154704944,0,0,1,0,0,0,0,0,0,1,0,0,0,0,0
208,Delivery Truck Drivers and Driver/Sales Workers,0.078,0.769,0.168,0.0289999999999999,0.226,0.0181331747919143,0.065398335315101,0.1851961950059453,0.1961950059453032,0.2395957193816884,0.2285969084423305,0.0671819262782401,[8010. 5087. 5035. ...    0.    0.    0.],80,Delivery Truck Drivers and Driver/Sales Workers,34340,14.224967687341977,0.049800796812749,0,0,0,1,0,0,0,0,0,0,0,0,1,0,0
209,Veterinarians,0.649,0.919,0.0,0.0569999999999999,0.0699999999999999,0.0,0.0,0.2289156626506024,0.2771084337349397,0.216867469879518,0.1927710843373494,0.0843373493975903,"[2.38782e+05 5.21000e+02 3.70000e+01 ... 0.00000e+00 0.00000e+00
 0.00000e+00]",311,Veterinarians,99250,11.398636318568101,0.1591928251121076,0,0,1,0,0,0,0,0,0,0,0,0,0,0,0
210,Sales Managers,0.4625739534883721,0.8579627906976743,0.056453953488372,0.0595218604651162,0.0878530232558139,0.0,0.0502325581395348,0.2632558139534883,0.253953488372093,0.2520930232558139,0.1497674418604651,0.027906976744186,[1265. 3526. 4572. ...    0.    0.    0.],277,Sales Managers,132290,12.98033887737491,0.03550023052097741,0,1,0,0,0,0,0,0,0,0,0,0,0,0,1
211,High School Teachers,0.5879999999999999,0.87,0.077,0.03,0.089,0.0010384215991692,0.0353063343717549,0.2596053997923156,0.2751817237798546,0.2544132917964694,0.1443406022845275,0.0301142263759086,[ 685.  281. 1995. ...    0.    0.    0.],147,High School Teachers,62870,13.865062336793521,0.03825656642558051,0,1,0,0,0,0,0,0,0,0,0,0,0,0,0
212,Web Developers and Digital Designers,0.3463908045977011,0.802655172413793,0.0458505747126436,0.1366551724137931,0.0988275862068965,0.0057471264367816,0.0977011494252873,0.3850574712643678,0.2816091954022988,0.1494252873563218,0.0632183908045977,0.0172413793103448,[ 2376. 14728.  4300. ...     0.     0.     0.],317,Web Developers and Digital Designers,77200,12.068533231508113,0.08032128514056225,1,0,0,0,0,0,0,0,0,0,0,0,0,0,0
213,Writers and Authors,0.6490000000000001,0.8509999999999999,0.079,0.043,0.024,0.0082644628099173,0.0661157024793388,0.2066115702479339,0.2314049586776859,0.1776859504132231,0.1859504132231405,0.1239669421487603,[11205.    26.  8798. ...     0.     0.     0.],322,Writers and Authors,67120,11.784478155492126,-0.023628048780487805,0,1,0,0,0,0,0,0,0,0,1,0,0,0,0
214,Electrical and Electronics Engineers,0.118,0.7609999999999999,0.054,0.172,0.089,0.0074626865671641,0.0335820895522388,0.25,0.2126865671641791,0.1940298507462686,0.2276119402985074,0.0708955223880597,[37061. 11783.  3009. ...     0.     0.     0.],94,Electrical and Electronics Engineers,103390,12.701073718949193,0.032916793660469366,0,1,0,0,0,0,0,0,0,0,0,0,0,0,0
215,Phlebotomists,0.848,0.6599999999999999,0.276,0.0279999999999999,0.19,0.0198019801980198,0.2277227722772277,0.2079207920792079,0.2376237623762376,0.1881188118811881,0.0891089108910891,0.0198019801980198,[539115.   4776.   2705. ...      0.      0.      0.],234,Phlebotomists,36320,11.7950923567339,0.17194570135746606,0,0,0,0,0,0,1,0,0,0,0,0,0,0,0
216,Electro-mechanical Technicians,0.1603943661971831,0.770774647887324,0.0896150234741784,0.0839201877934272,0.162075117370892,0.0093896713615023,0.0821596244131455,0.2276995305164319,0.1784037558685446,0.2535211267605634,0.1830985915492957,0.068075117370892,[27337. 39128. 39928. ...     0.     0.     0.],97,Electro-mechanical Technicians,59800,9.588776807696428,0.0273972602739726,1,0,0,0,0,0,0,0,0,0,0,0,0,0,0
217,Veterinary Technologists and Technicians,0.881,0.918,0.032,0.012,0.0979999999999999,0.0476190476190476,0.2666666666666666,0.3809523809523809,0.1619047619047619,0.0666666666666666,0.0571428571428571,0.0285714285714285,"[1.26995e+05 2.07346e+05 2.60000e+01 ... 0.00000e+00 0.00000e+00
 0.00000e+00]",313,Veterinary Technologists and Technicians,36260,11.634257750137753,0.16209034543844109,1,0,0,0,0,0,0,0,0,0,0,0,0,0,0
218,Kindergarten and Elementary School Teachers,0.988,0.8280000000000001,0.12,0.022,0.153,0.0242990654205607,0.114018691588785,0.2822429906542056,0.2392523364485981,0.1981308411214953,0.1102803738317757,0.0299065420560747,[3.1782e+04 2.6000e+01 1.0374e+04 ... 0.0000e+00 0.0000e+00 0.0000e+00],170,Kindergarten and Elementary School Teachers,60660,14.272808814712455,0.03551082415495632,0,1,0,0,0,0,0,0,0,0,0,0,0,0,0
219,Human Resources Specialists,0.7429999999999999,0.769,0.13,0.0579999999999999,0.151,0.0036057692307692,0.0612980769230769,0.3004807692307692,0.2223557692307692,0.2079326923076923,0.1634615384615384,0.0396634615384615,[ 2268. 27598. 20304. ...     0.     0.     0.],151,Human Resources Specialists,63490,13.4097954186009,0.0703675918979745,0,1,0,0,0,0,0,0,0,0,0,0,0,0,0
220,General Office Clerks,0.83,0.7749999999999999,0.118,0.07,0.196,0.0252648736756316,0.1108394458027709,0.2102689486552567,0.1776691116544417,0.1801140994295028,0.1996740016299918,0.0945395273023635,[ 3768.  2725. 59990. ...     0.     0.     0.],132,General Office Clerks,35330,14.955360754648629,-0.04986725522182772,0,0,0,1,0,0,0,0,0,0,0,0,1,0,0
221,Top Executives,0.305,0.8440000000000001,0.071,0.045,0.124,0.0028382213812677,0.0236518448438978,0.2365184484389782,0.2743614001892147,0.2412488174077578,0.184484389782403,0.0368968779564806,[  607. 13809.  1367. ...     0.     0.     0.],305,Top Executives,107680,14.835909021089469,0.04145189777601557,0,1,0,0,0,0,0,0,0,0,0,0,0,1,0
222,Accountants and Auditors,0.5970000000000001,0.7729999999999999,0.095,0.1119999999999999,0.1019999999999999,0.0029481132075471,0.0424528301886792,0.2747641509433962,0.2116745283018868,0.2116745283018868,0.1816037735849056,0.0742924528301886,[48057    26 86421 ...    37    75 50864],0,Accountants and Auditors,73560,14.17744166404871,0.042963581923264396,0,1,0,0,0,0,0,0,0,0,0,0,0,0,0
223,Operations Research Analysts,0.4289999999999999,0.775,0.1359999999999999,0.086,0.095,0.0,0.0512820512820512,0.2243589743589743,0.2051282051282051,0.2371794871794871,0.2435897435897435,0.0256410256410256,[13787.  5957. 19919. ...     0.     0.     0.],221,Operations Research Analysts,86200,11.562667556865042,0.2483349191246432,0,1,0,0,0,0,0,0,0,0,0,0,0,0,0
224,"Substance Abuse, Behavioral Disorder, and Mental Health Counselors",0.7495167464114832,0.7549641148325359,0.1822212918660287,0.0323145933014354,0.1508660287081339,0.0119617224880382,0.0598086124401913,0.2906698564593301,0.2296650717703349,0.200956937799043,0.1435406698564593,0.0633971291866028,[ 36101.   7759. 111669. ...      0.      0.      0.],295,"Substance Abuse, Behavioral Disorder, and Mental Health Counselors",47660,12.67419951476305,0.24733876017532874,0,1,0,0,0,0,0,0,0,0,0,0,0,0,0
225,Personal Financial Advisors,0.3399999999999999,0.785,0.079,0.1069999999999999,0.0819999999999999,0.0,0.0544747081712062,0.2626459143968871,0.2276264591439688,0.188715953307393,0.1848249027237354,0.0817120622568093,[ 2615.  8617. 34549. ...     0.     0.     0.],229,Personal Financial Advisors,89330,12.479909311159902,0.04410646387832699,0,1,0,0,0,0,0,0,0,0,1,0,0,0,0
226,Genetic Counselors,0.628,0.6890000000000001,0.173,0.108,0.035,0.0,0.04,0.31,0.29,0.14,0.15,0.07,[57217. 48437.   321. ...     0.     0.     0.],133,Genetic Counselors,85700,7.8632667240095735,0.23076923076923078,0,0,0,0,1,0,0,0,0,0,0,0,0,0,0
227,Radiologic and MRI Technologists,0.70349889135255,0.8160487804878048,0.0937272727272727,0.0596851441241685,0.0953592017738359,0.0,0.0421286031042128,0.2239467849223946,0.2971175166297117,0.2261640798226164,0.17960088691796,0.0332594235033259,[ 62979. 207346.    894. ...      0.      0.      0.],264,Radiologic and MRI Technologists,63710,12.432012284146385,0.06701236537694455,1,0,0,0,0,0,0,0,0,0,0,0,0,0,0
228,Chiropractors,0.222,0.907,0.024,0.051,0.061,0.0,0.0,0.2121212121212121,0.2121212121212121,0.2424242424242424,0.2272727272727272,0.106060606060606,[8.4715e+04 5.2100e+02 3.7000e+01 ... 0.0000e+00 0.0000e+00 0.0000e+00],52,Chiropractors,70720,10.841539776191796,0.04500978473581213,0,0,1,0,0,0,0,0,0,0,0,0,0,0,0
229,Dentists,0.287,0.7879999999999999,0.0139999999999999,0.166,0.055,0.0,0.0057803468208092,0.1618497109826589,0.2427745664739884,0.2196531791907514,0.2427745664739884,0.1271676300578034,"[1.14030e+04 1.20047e+05 2.60000e+01 ... 0.00000e+00 0.00000e+00
 0.00000e+00]",84,Dentists,164010,11.929000752190408,0.026385224274406333,0,0,1,0,0,0,0,0,0,0,0,0,0,0,0
230,Clinical Laboratory Technologists and Technicians,0.704,0.724,0.137,0.095,0.19,0.0271903323262839,0.0996978851963746,0.256797583081571,0.2386706948640483,0.1812688821752265,0.1510574018126888,0.0483383685800604,[ 34333.  62554. 207346. ...      0.      0.      0.],56,Clinical Laboratory Technologists and Technicians,54180,12.730209283355837,0.07312018946121966,0,1,0,0,0,0,0,0,0,0,0,0,0,0,0
231,Social and Community Service Managers,0.725,0.7590000000000001,0.183,0.021,0.103,0.0,0.0330188679245283,0.2004716981132075,0.240566037735849,0.2523584905660377,0.1627358490566037,0.1132075471698113,[1299.   26. 4511. ...    0.    0.    0.],285,Social and Community Service Managers,69600,12.075394321888057,0.1698005698005698,0,1,0,0,0,0,0,0,0,0,0,0,0,0,1
232,Recreation Workers,0.6580180180180181,0.8174114114114114,0.1217537537537537,0.0221801801801801,0.1021801801801801,0.036036036036036,0.1351351351351351,0.2372372372372372,0.1981981981981982,0.1891891891891892,0.1231231231231231,0.078078078078078,[63805. 17925.  3009. ...     0.     0.     0.],269,Recreation Workers,28440,12.941081280185037,0.09949652361543994,0,0,0,1,0,0,0,0,0,0,0,0,1,0,0
233,"Tax Examiners and Collectors, and Revenue Agents",0.5790000000000001,0.7659999999999999,0.145,0.058,0.159,0.0,0.081967213114754,0.0983606557377049,0.2459016393442623,0.2622950819672131,0.2622950819672131,0.0655737704918032,[5.0980e+03 7.5575e+04 2.6000e+01 ... 0.0000e+00 0.0000e+00 0.0000e+00],300,"Tax Examiners and Collectors, and Revenue Agents",55640,10.961277846683982,-0.041666666666666664,0,1,0,0,0,0,0,0,0,0,0,1,0,0,0
234,Secretaries and Administrative Assistants,0.9267701915070774,0.8364554537885095,0.1042756036636136,0.0336927560366361,0.1360099916736053,0.007910074937552,0.0516236469608659,0.1773522064945878,0.1819317235636969,0.2268942547876769,0.2589508742714405,0.0949208992506244,[2.1144e+04 2.6000e+01 5.6938e+04 ... 0.0000e+00 0.0000e+00 0.0000e+00],279,Secretaries and Administrative Assistants,40990,15.107164514930044,-0.08997471693965044,0,0,0,1,0,0,0,0,0,0,0,0,0,0,0
235,Material Recording Clerks,0.336,0.726,0.191,0.04,0.2679999999999999,0.0402097902097902,0.1066433566433566,0.2342657342657342,0.1818181818181818,0.2167832167832167,0.1660839160839161,0.0541958041958041,[ 7857.  8933. 59990. ...     0.     0.     0.],191,Material Recording Clerks,31170,15.00518157757935,-0.00855143031040779,0,0,0,1,0,0,0,0,0,0,0,0,0,0,0
236,Coaches and Scouts,0.448,0.7519999999999999,0.147,0.0349999999999999,0.054,0.1285714285714285,0.1523809523809524,0.3,0.1761904761904762,0.1142857142857142,0.0714285714285714,0.0476190476190476,[ 2778.  4119. 13428. ...     0.     0.     0.],57,Coaches and Scouts,36330,12.584509081250419,0.11746575342465754,0,1,0,0,0,0,0,0,0,0,0,0,0,0,0
237,Human Resources Managers,0.768,0.8099999999999999,0.12,0.049,0.1399999999999999,0.0034843205574912,0.0069686411149825,0.2125435540069686,0.289198606271777,0.2578397212543554,0.1881533101045296,0.048780487804878,[ 2268. 27598.  3526. ...     0.     0.     0.],150,Human Resources Managers,121220,12.014912140069015,0.06295399515738499,0,1,0,0,0,0,0,0,0,0,0,0,0,1,0
238,Physician Assistants,0.655,0.7990000000000002,0.063,0.123,0.079,0.0,0.0070921985815602,0.425531914893617,0.2765957446808511,0.1773049645390071,0.0921985815602836,0.0212765957446808,[57967. 12850.   894. ...     0.     0.     0.],238,Physician Assistants,115390,11.740061037553975,0.31314741035856575,0,0,0,0,1,0,0,0,0,0,0,0,0,0,0
