,id,soc_code,description,Employed,Women,White,"Black or
African
American",Asian,"Hispanic
or Latino",16-19,20-24,25-34,35-44,45-54,55-64,65+
0,1,13-2011,Accountants and Auditors,1696.0,0.5970000000000001,0.7729999999999999,0.095,0.11199999999999999,0.10199999999999998,0.00294811320754717,0.04245283018867924,0.27476415094339623,0.2116745283018868,0.2116745283018868,0.18160377358490565,0.07429245283018868
1,4,11-3010,Administrative Services and Facilities Managers,199.0,0.402537688442211,0.8791155778894472,0.06402512562814071,0.03739195979899497,0.14004522613065326,0.0,0.01507537688442211,0.1457286432160804,0.21105527638190955,0.3065326633165829,0.2613065326633166,0.06030150753768844
2,5,25-3011,Adult Basic and Secondary Education and ESL Teachers,882.0,0.6747789115646258,0.7839251700680271,0.11776870748299319,0.06487414965986396,0.11092857142857143,0.05215419501133787,0.11791383219954649,0.2222222222222222,0.18027210884353742,0.17913832199546487,0.14285714285714285,0.10430839002267574
3,6,11-2011,"Advertising, Promotions, and Marketing Managers",56.0,0.521,0.8049999999999999,0.147,0.039,0.034999999999999996,0.017857142857142856,0.017857142857142856,0.39285714285714285,0.3392857142857143,0.19642857142857142,0.017857142857142856,0.017857142857142856
4,7,41-3011,Advertising Sales Agents,141.0,0.5379999999999999,0.8959999999999999,0.055,0.024,0.16399999999999998,0.0,0.09929078014184398,0.28368794326241137,0.19148936170212766,0.20567375886524822,0.14893617021276595,0.07092198581560284
5,8,17-3021,Aerospace Engineering and Operations Technicians,426.0,0.1603943661971831,0.770774647887324,0.0896150234741784,0.08392018779342723,0.162075117370892,0.009389671361502348,0.08215962441314555,0.22769953051643194,0.1784037558685446,0.2535211267605634,0.18309859154929578,0.06807511737089202
6,9,17-2011,Aerospace Engineers,129.0,0.11599999999999999,0.833,0.06799999999999999,0.091,0.105,0.0,0.03875968992248062,0.29457364341085274,0.20155038759689922,0.15503875968992248,0.27906976744186046,0.031007751937984496
7,14,49-3011,Aircraft and Avionics Equipment Mechanics and Technicians,153.0,0.054000000000000006,0.8429999999999999,0.10800000000000001,0.032,0.22999999999999998,0.006535947712418301,0.0392156862745098,0.2679738562091503,0.24836601307189543,0.22875816993464052,0.16339869281045752,0.0457516339869281
8,15,53-2012,Airline and Commercial Pilots,155.0,0.056,0.94,0.033999999999999996,0.022000000000000002,0.05,0.0,0.01935483870967742,0.14193548387096774,0.25161290322580643,0.25806451612903225,0.2645161290322581,0.06451612903225806
9,17,39-2011,Animal Care and Service Workers,72.0,0.526,0.885,0.07500000000000001,0.0,0.127,0.06944444444444445,0.1111111111111111,0.16666666666666666,0.19444444444444445,0.20833333333333334,0.1388888888888889,0.09722222222222222
10,19,19-3091,Anthropologists and Archeologists,0.0,,,,,,,,,,,,
11,20,23-1022,"Arbitrators, Mediators, and Conciliators",0.0,,,,,,,,,,,,
12,21,17-1011,Architects,190.0,0.282,0.788,0.072,0.125,0.08499999999999999,0.0,0.021052631578947368,0.2631578947368421,0.25263157894736843,0.17894736842105263,0.18421052631578946,0.1
13,22,11-9041,Architectural and Engineering Managers,171.0,0.095,0.842,0.034,0.095,0.04700000000000001,0.0,0.011695906432748537,0.1111111111111111,0.2631578947368421,0.25146198830409355,0.2982456140350877,0.05847953216374269
14,23,25-4011,"Archivists, Curators, and Museum Workers",57.0,0.636,0.946,0.005999999999999999,0.044,0.076,0.0,0.05263157894736842,0.42105263157894735,0.17543859649122806,0.07017543859649122,0.15789473684210525,0.10526315789473684
15,24,27-1011,Art Directors,256.0,0.535,0.857,0.036000000000000004,0.061,0.09300000000000001,0.00390625,0.05078125,0.2890625,0.19140625,0.1640625,0.15625,0.14453125
16,26,27-2021,Athletes and Sports Competitors,210.0,0.448,0.7519999999999999,0.147,0.034999999999999996,0.054,0.12857142857142856,0.1523809523809524,0.3,0.1761904761904762,0.11428571428571428,0.07142857142857142,0.047619047619047616
17,27,29-9091,Athletic Trainers,100.0,0.628,0.6890000000000001,0.17300000000000001,0.10800000000000001,0.035,0.0,0.04,0.31,0.29,0.14,0.15,0.07
18,30,49-3021,Automotive Body and Glass Repairers,121.0,0.01,0.8740000000000001,0.073,0.022000000000000002,0.27899999999999997,0.049586776859504134,0.08264462809917356,0.15702479338842976,0.24793388429752067,0.21487603305785125,0.2066115702479339,0.049586776859504134
19,31,49-3023,Automotive Service Technicians and Mechanics,750.0,0.014,0.828,0.091,0.035,0.283,0.03333333333333333,0.124,0.26,0.19866666666666666,0.188,0.15333333333333332,0.042666666666666665
20,32,51-3011,Bakers,235.0,0.641,0.7699999999999999,0.11800000000000001,0.06699999999999999,0.269,0.04680851063829787,0.13617021276595745,0.2425531914893617,0.18723404255319148,0.17872340425531916,0.1574468085106383,0.05106382978723404
21,33,39-5012,"Barbers, Hairstylists, and Cosmetologists",646.0,0.908,0.7749999999999999,0.144,0.051,0.146,0.0046439628482972135,0.08359133126934984,0.24148606811145512,0.26006191950464397,0.18421052631578946,0.13622291021671826,0.08978328173374613
22,34,35-3011,Bartenders,301.0,0.489,0.8729999999999999,0.052000000000000005,0.021,0.16699999999999998,0.009966777408637873,0.15946843853820597,0.3953488372093023,0.20930232558139536,0.11960132890365449,0.06976744186046512,0.036544850498338874
23,35,43-3011,Bill and Account Collectors,98.0,0.66,0.7209999999999999,0.23899999999999996,0.021,0.15800000000000003,0.030612244897959183,0.11224489795918367,0.23469387755102042,0.19387755102040816,0.20408163265306123,0.17346938775510204,0.05102040816326531
24,36,19-1021,Biochemists and Biophysicists,84.0,0.46,0.7979999999999999,0.055999999999999994,0.13699999999999998,0.101,0.0,0.047619047619047616,0.35714285714285715,0.19047619047619047,0.2261904761904762,0.11904761904761904,0.05952380952380952
25,40,43-3031,"Bookkeeping, Accounting, and Auditing Clerks",1179.0,0.873,0.865,0.07700000000000001,0.039999999999999994,0.14200000000000002,0.005089058524173028,0.043256997455470736,0.1458863443596268,0.17472434266327397,0.24512298558100085,0.2586938083121289,0.1272264631043257
26,41,27-4011,"Broadcast, Sound, and Video Technicians",0.0,,,,,,,,,,,,
27,42,13-2031,Budget Analysts,60.0,0.532,0.696,0.13899999999999998,0.076,0.149,0.0,0.0,0.25,0.15,0.2833333333333333,0.2833333333333333,0.016666666666666666
28,43,51-3021,Butchers,266.0,0.257,0.751,0.162,0.055,0.40099999999999997,0.041353383458646614,0.11654135338345864,0.20676691729323307,0.23684210526315788,0.18796992481203006,0.15037593984962405,0.06015037593984962
29,44,25-2023,Career and Technical Education Teachers,3371.0,0.7959999999999999,0.841,0.105,0.027999999999999997,0.105,0.0005932957579353308,0.041827350934440816,0.234055176505488,0.2850786116879264,0.24443785226935627,0.15188371403144468,0.04212399881340848
30,45,47-2031,Carpenters,1114.0,0.032,0.879,0.069,0.019,0.35500000000000004,0.025134649910233394,0.08258527827648116,0.2073608617594255,0.2791741472172352,0.21723518850987433,0.14542190305206462,0.0421903052064632
31,47,41-2011,Cashiers,2552.0,0.7309999999999999,0.7109999999999999,0.171,0.063,0.255,0.2672413793103448,0.24804075235109718,0.155564263322884,0.0975705329153605,0.09443573667711598,0.08581504702194358,0.050940438871473356
32,48,35-1011,Chefs and Head Cooks,383.0,0.18,0.652,0.147,0.16699999999999998,0.24399999999999997,0.007832898172323759,0.09138381201044386,0.28720626631853785,0.2689295039164491,0.22193211488250653,0.09138381201044386,0.028720626631853787
33,49,17-2041,Chemical Engineers,70.0,0.194,0.815,0.015000000000000001,0.139,0.1,0.0,0.07142857142857142,0.35714285714285715,0.2,0.17142857142857143,0.14285714285714285,0.04285714285714286
34,50,19-4031,Chemical Technicians,68.0,0.42600000000000005,0.8250000000000001,0.10300000000000002,0.049999999999999996,0.121,0.014705882352941176,0.08823529411764706,0.35294117647058826,0.19117647058823528,0.17647058823529413,0.1323529411764706,0.04411764705882353
35,51,19-2031,Chemists and Materials Scientists,80.0,0.404,0.642,0.10700000000000001,0.197,0.022,0.0,0.0375,0.4125,0.25,0.125,0.125,0.0375
36,52,39-9011,Childcare Workers,928.0,0.948,0.7659999999999998,0.161,0.03799999999999999,0.21600000000000003,0.08297413793103449,0.20581896551724138,0.2025862068965517,0.1497844827586207,0.16918103448275862,0.12823275862068967,0.061422413793103446
37,53,29-1011,Chiropractors,66.0,0.222,0.9069999999999999,0.024,0.051,0.061,0.0,0.0,0.21212121212121213,0.21212121212121213,0.24242424242424243,0.22727272727272727,0.10606060606060606
38,54,17-3022,Civil Engineering Technicians,426.0,0.1603943661971831,0.770774647887324,0.0896150234741784,0.08392018779342723,0.162075117370892,0.009389671361502348,0.08215962441314555,0.22769953051643194,0.1784037558685446,0.2535211267605634,0.18309859154929578,0.06807511737089202
39,55,17-2051,Civil Engineers,422.0,0.16,0.8190000000000002,0.03899999999999999,0.13599999999999998,0.12400000000000001,0.002369668246445498,0.07345971563981042,0.2890995260663507,0.2109004739336493,0.17535545023696683,0.2014218009478673,0.04976303317535545
40,56,13-1032,"Claims Adjusters, Appraisers, Examiners, and Investigators",350.0,0.604,0.7159999999999999,0.19799999999999998,0.045,0.15,0.0,0.05142857142857143,0.2342857142857143,0.20285714285714285,0.27714285714285714,0.18857142857142858,0.045714285714285714
41,57,29-2010,Clinical Laboratory Technologists and Technicians,331.0,0.704,0.724,0.137,0.095,0.19,0.027190332326283987,0.09969788519637462,0.256797583081571,0.23867069486404835,0.18126888217522658,0.1510574018126888,0.04833836858006042
42,58,27-2022,Coaches and Scouts,210.0,0.448,0.7519999999999999,0.147,0.034999999999999996,0.054,0.12857142857142856,0.1523809523809524,0.3,0.1761904761904762,0.11428571428571428,0.07142857142857142,0.047619047619047616
43,59,13-1141,"Compensation, Benefits, and Job Analysis Specialists",74.0,0.76,0.846,0.112,0.022000000000000002,0.097,0.013513513513513514,0.06756756756756757,0.1891891891891892,0.17567567567567569,0.22972972972972974,0.28378378378378377,0.04054054054054054
44,62,11-3021,Computer and Information Systems Managers,744.0,0.266,0.755,0.06999999999999999,0.155,0.052000000000000005,0.0,0.009408602150537635,0.17204301075268819,0.29838709677419356,0.30376344086021506,0.18548387096774194,0.030913978494623656
45,63,17-2061,Computer Hardware Engineers,89.0,0.18399999999999997,0.546,0.054,0.39200000000000007,0.145,0.0,0.033707865168539325,0.30337078651685395,0.2808988764044944,0.1348314606741573,0.21348314606741572,0.033707865168539325
46,64,15-1241,Computer Network Architects,107.0,0.093,0.6779999999999999,0.14800000000000002,0.155,0.161,0.0,0.009345794392523364,0.18691588785046728,0.3177570093457944,0.35514018691588783,0.12149532710280374,0.018691588785046728
47,65,15-1251,Computer Programmers,417.0,0.21100000000000002,0.6389999999999999,0.063,0.28300000000000003,0.066,0.007194244604316547,0.045563549160671464,0.2446043165467626,0.26139088729016785,0.19424460431654678,0.21342925659472423,0.03597122302158273
48,66,15-1231,Computer Support Specialists,660.0,0.259,0.722,0.13,0.10699999999999998,0.116,0.013636363636363636,0.06060606060606061,0.2878787878787879,0.2606060606060606,0.20303030303030303,0.14393939393939395,0.02878787878787879
49,67,15-1211,Computer Systems Analysts,594.0,0.35600000000000004,0.68,0.09699999999999999,0.18699999999999997,0.08099999999999999,0.003367003367003367,0.06902356902356903,0.29292929292929293,0.23737373737373738,0.20202020202020202,0.1632996632996633,0.03198653198653199
50,69,47-4011,Construction and Building Inspectors,116.0,0.11900000000000001,0.8820000000000001,0.034999999999999996,0.045,0.124,0.0,0.008620689655172414,0.1810344827586207,0.13793103448275862,0.20689655172413793,0.27586206896551724,0.1896551724137931
51,70,47-2072,Construction Equipment Operators,359.0,0.039,0.8530000000000001,0.09899999999999999,0.005,0.178,0.011142061281337047,0.08635097493036212,0.21448467966573817,0.20334261838440112,0.2200557103064067,0.20334261838440112,0.06128133704735376
52,72,11-9021,Construction Managers,966.0,0.084,0.9140000000000001,0.032999999999999995,0.028999999999999998,0.145,0.0010351966873706005,0.025879917184265012,0.18012422360248448,0.2660455486542443,0.2556935817805383,0.2028985507246377,0.06728778467908902
53,73,35-2019,Cooks,1763.0,0.42100000000000004,0.7429999999999999,0.16,0.054000000000000006,0.36,0.1520136131593874,0.15031196823596144,0.20249574588769143,0.17413499716392514,0.14463981849120816,0.13159387407827566,0.04480998298355077
54,74,33-3012,Correctional Officers and Bailiffs,346.0,0.31699999999999995,0.6089999999999999,0.329,0.027000000000000003,0.128,0.005780346820809248,0.08670520231213873,0.3063583815028902,0.2543352601156069,0.20520231213872833,0.11560693641618497,0.023121387283236993
55,75,13-1051,Cost Estimators,121.0,0.15,0.937,0.028999999999999998,0.02,0.141,0.0,0.03305785123966942,0.21487603305785125,0.2231404958677686,0.2644628099173554,0.15702479338842976,0.11570247933884298
56,76,27-3092,Court Reporters and Simultaneous Captioners,184.0,0.6620326086956522,0.7495652173913044,0.1425163043478261,0.06358152173913044,0.088375,0.0,0.07065217391304347,0.29347826086956524,0.20652173913043478,0.20652173913043478,0.14673913043478262,0.07608695652173914
57,77,27-1019,Craft and Fine Artists,256.0,0.535,0.857,0.036000000000000004,0.061,0.09300000000000001,0.00390625,0.05078125,0.2890625,0.19140625,0.1640625,0.15625,0.14453125
58,78,43-4051,Customer Service Representatives,2404.0,0.6379999999999999,0.731,0.177,0.049,0.196,0.08111480865224625,0.15515806988352746,0.27911813643926786,0.17762063227953412,0.1326955074875208,0.13103161397670549,0.04284525790349417
59,80,15-1245,Database Administrators,121.0,0.288,0.621,0.05900000000000001,0.30100000000000005,0.055999999999999994,0.0,0.05785123966942149,0.2727272727272727,0.19834710743801653,0.2975206611570248,0.12396694214876033,0.049586776859504134
60,81,53-3033,Delivery Truck Drivers and Driver/Sales Workers,3364.0,0.078,0.769,0.168,0.028999999999999998,0.22600000000000003,0.018133174791914387,0.06539833531510107,0.1851961950059453,0.1961950059453032,0.23959571938168847,0.22859690844233055,0.06718192627824018
61,82,51-9083,Dental and Ophthalmic Laboratory Technicians and Medical Appliance Technicians,74.0,0.5989999999999999,0.91,0.044000000000000004,0.046,0.17,0.0,0.0945945945945946,0.28378378378378377,0.14864864864864866,0.24324324324324326,0.17567567567567569,0.05405405405405406
62,83,31-9091,Dental Assistants,288.0,0.9369999999999999,0.858,0.055,0.043,0.317,0.027777777777777776,0.1388888888888889,0.3194444444444444,0.2048611111111111,0.16666666666666666,0.11458333333333333,0.020833333333333332
63,84,29-1292,Dental Hygienists,190.0,0.939,0.889,0.021,0.077,0.105,0.005263157894736842,0.042105263157894736,0.28421052631578947,0.19473684210526315,0.24736842105263157,0.1736842105263158,0.04736842105263158
64,85,29-1021,Dentists,173.0,0.287,0.7879999999999999,0.013999999999999999,0.166,0.055,0.0,0.005780346820809248,0.16184971098265896,0.24277456647398843,0.21965317919075145,0.24277456647398843,0.12716763005780346
65,87,29-2031,"Diagnostic Medical Sonographers and Cardiovascular Technologists and Technicians, Including Vascular Technologists",451.0,0.70349889135255,0.8160487804878048,0.09372727272727273,0.05968514412416852,0.09535920177383592,0.0,0.04212860310421286,0.22394678492239467,0.29711751662971175,0.2261640798226164,0.17960088691796008,0.03325942350332594
66,88,49-3031,Diesel Service Technicians and Mechanics,357.0,0.018000000000000002,0.8509999999999999,0.07400000000000001,0.031,0.18100000000000002,0.01680672268907563,0.09243697478991597,0.24929971988795518,0.19047619047619047,0.20728291316526612,0.19607843137254902,0.05042016806722689
67,89,29-1031,Dietitians and Nutritionists,106.0,0.9140000000000001,0.747,0.155,0.082,0.09900000000000002,0.0,0.05660377358490566,0.29245283018867924,0.16981132075471697,0.20754716981132076,0.1792452830188679,0.08490566037735849
68,90,17-3011,Drafters,95.0,0.188,0.9039999999999999,0.018,0.06599999999999999,0.22899999999999998,0.010526315789473684,0.05263157894736842,0.25263157894736843,0.25263157894736843,0.16842105263157894,0.18947368421052632,0.06315789473684211
69,91,47-2082,"Drywall Installers, Ceiling Tile Installers, and Tapers",165.0,0.058,0.892,0.01,0.027999999999999994,0.7309999999999999,0.012121212121212121,0.08484848484848485,0.23636363636363636,0.32727272727272727,0.1696969696969697,0.1393939393939394,0.024242424242424242
70,93,27-3041,Editors,99.0,0.6110000000000001,0.9450000000000001,0.006999999999999999,0.008,0.08499999999999999,0.010101010101010102,0.010101010101010102,0.24242424242424243,0.23232323232323232,0.21212121212121213,0.21212121212121213,0.0707070707070707
71,94,17-3023,Electrical and Electronics Engineering Technicians,426.0,0.1603943661971831,0.770774647887324,0.0896150234741784,0.08392018779342723,0.162075117370892,0.009389671361502348,0.08215962441314555,0.22769953051643194,0.1784037558685446,0.2535211267605634,0.18309859154929578,0.06807511737089202
72,95,17-2072,Electrical and Electronics Engineers,268.0,0.11800000000000001,0.7609999999999999,0.054000000000000006,0.172,0.08900000000000001,0.007462686567164179,0.033582089552238806,0.25,0.2126865671641791,0.19402985074626866,0.22761194029850745,0.0708955223880597
73,96,49-2094,Electrical and Electronics Installers and Repairers,0.0,,,,,,,,,,,,
74,97,47-2111,Electricians,901.0,0.030999999999999996,0.878,0.076,0.017,0.238,0.021087680355160933,0.09544950055493896,0.2341842397336293,0.22641509433962265,0.21753607103218647,0.15760266370699222,0.04661487236403995
75,98,17-3024,Electro-mechanical Technicians,426.0,0.1603943661971831,0.770774647887324,0.0896150234741784,0.08392018779342723,0.162075117370892,0.009389671361502348,0.08215962441314555,0.22769953051643194,0.1784037558685446,0.2535211267605634,0.18309859154929578,0.06807511737089202
76,99,11-9032,"Elementary, Middle, and High School Principals",948.0,0.6649999999999999,0.7949999999999999,0.14300000000000002,0.032999999999999995,0.12000000000000001,0.0031645569620253164,0.007383966244725738,0.1550632911392405,0.2805907172995781,0.31223628691983124,0.18565400843881857,0.056962025316455694
77,102,29-2040,EMTs and Paramedics,219.0,0.317054794520548,0.8624657534246575,0.09050684931506849,0.035726027397260274,0.10367123287671233,0.0136986301369863,0.1917808219178082,0.3698630136986301,0.1643835616438356,0.136986301369863,0.091324200913242,0.0319634703196347
78,103,17-3025,Environmental Engineering Technologists and Technicians,426.0,0.1603943661971831,0.770774647887324,0.0896150234741784,0.08392018779342723,0.162075117370892,0.009389671361502348,0.08215962441314555,0.22769953051643194,0.1784037558685446,0.2535211267605634,0.18309859154929578,0.06807511737089202
79,105,19-4042,Environmental Science and Protection Technicians,258.0,0.541,0.78,0.049,0.10900000000000001,0.107,0.011627906976744186,0.20930232558139536,0.32170542635658916,0.17829457364341086,0.12015503875968993,0.12790697674418605,0.031007751937984496
80,107,19-1041,Epidemiologists,0.0,,,,,,,,,,,,
81,109,11-9013,"Farmers, Ranchers, and Other Agricultural Managers",901.0,0.251,0.963,0.006999999999999999,0.008000000000000002,0.043,0.0022197558268590455,0.023307436182019976,0.10099889012208657,0.14872364039955605,0.16759156492785793,0.2286348501664817,0.32852386237513875
82,110,27-1022,Fashion Designers,851.0,0.560111633372503,0.8122878965922445,0.06282843713278495,0.0927391304347826,0.12322091656874266,0.011750881316098707,0.0564042303172738,0.29494712103407755,0.2491186839012926,0.17743830787309048,0.14336075205640422,0.06462984723854288
83,111,27-4031,Film and Video Editors and Camera Operators,100.0,0.311,0.745,0.163,0.057999999999999996,0.185,0.02,0.09,0.32,0.23,0.14,0.15,0.05
84,112,13-2098,Financial Analysts,433.0,0.4398614318706697,0.6897344110854503,0.09258198614318705,0.18481293302540416,0.09972748267898383,0.0023094688221709007,0.06697459584295612,0.3279445727482679,0.22632794457274827,0.21247113163972287,0.13163972286374134,0.03233256351039261
85,115,11-3031,Financial Managers,1309.0,0.5260000000000001,0.794,0.097,0.08199999999999999,0.099,0.0,0.029793735676088617,0.2077922077922078,0.25286478227654696,0.26814362108479756,0.19098548510313215,0.05042016806722689
86,116,33-2011,Firefighters,335.0,0.044000000000000004,0.85,0.084,0.011999999999999999,0.131,0.0029850746268656717,0.050746268656716415,0.3074626865671642,0.33134328358208953,0.20597014925373133,0.08955223880597014,0.011940298507462687
87,119,39-9031,Fitness Trainers and Instructors,333.0,0.6580180180180181,0.8174114114114114,0.12175375375375375,0.022180180180180184,0.10218018018018017,0.036036036036036036,0.13513513513513514,0.23723723723723725,0.1981981981981982,0.1891891891891892,0.12312312312312312,0.07807807807807808
88,120,53-2031,Flight Attendants,81.0,0.797,0.65,0.19299999999999998,0.106,0.103,0.0,0.037037037037037035,0.20987654320987653,0.14814814814814814,0.2222222222222222,0.3333333333333333,0.037037037037037035
89,121,47-2044,Flooring Installers and Tile and Stone Setters,172.0,0.03899999999999999,0.9369999999999999,0.024999999999999998,0.011000000000000001,0.5319999999999999,0.01744186046511628,0.046511627906976744,0.22093023255813954,0.3372093023255814,0.19767441860465115,0.12209302325581395,0.05232558139534884
90,122,27-1023,Floral Designers,851.0,0.560111633372503,0.8122878965922445,0.06282843713278495,0.0927391304347826,0.12322091656874266,0.011750881316098707,0.0564042303172738,0.29494712103407755,0.2491186839012926,0.17743830787309048,0.14336075205640422,0.06462984723854288
91,125,35-2021,Food Preparation Workers,808.0,0.5810000000000001,0.745,0.13599999999999998,0.06799999999999999,0.292,0.22277227722772278,0.19183168316831684,0.16831683168316833,0.12623762376237624,0.12376237623762376,0.10643564356435643,0.06064356435643564
92,126,11-9051,Food Service Managers,1092.0,0.4660000000000001,0.777,0.098,0.09400000000000001,0.198,0.029304029304029304,0.10164835164835165,0.24816849816849818,0.22985347985347984,0.19963369963369965,0.13278388278388278,0.05860805860805861
93,127,19-4092,Forensic Science Technicians,258.0,0.541,0.78,0.049,0.10900000000000001,0.107,0.011627906976744186,0.20930232558139536,0.32170542635658916,0.17829457364341086,0.12015503875968993,0.12790697674418605,0.031007751937984496
94,129,13-1131,Fundraisers,99.0,0.7479999999999999,0.8500000000000001,0.037000000000000005,0.084,0.07400000000000001,0.0,0.04040404040404041,0.2727272727272727,0.21212121212121213,0.2222222222222222,0.1717171717171717,0.08080808080808081
95,130,11-9171,Funeral Service Workers,5684.0,0.3836796270232231,0.8248298733286418,0.0862832512315271,0.06151583391977482,0.10488054187192118,0.00211118930330753,0.025158339197748066,0.1715341308937368,0.2466572836030964,0.25756509500351865,0.21252638986629135,0.0844475721323012
96,131,39-1013,Gaming Services Workers,237.0,0.717,0.687,0.10300000000000002,0.162,0.139,0.008438818565400843,0.06329113924050633,0.1940928270042194,0.24472573839662448,0.2489451476793249,0.15611814345991562,0.08438818565400844
97,132,49-9071,General Maintenance and Repair Workers,584.0,0.043,0.8390000000000001,0.10699999999999998,0.018000000000000002,0.20600000000000002,0.02054794520547945,0.04965753424657534,0.17636986301369864,0.22945205479452055,0.2328767123287671,0.22945205479452055,0.06164383561643835
98,133,43-9061,General Office Clerks,1227.0,0.83,0.7749999999999999,0.11800000000000001,0.07,0.196,0.02526487367563162,0.11083944580277098,0.21026894865525672,0.17766911165444174,0.18011409942950285,0.19967400162999185,0.0945395273023635
99,134,29-9092,Genetic Counselors,100.0,0.628,0.6890000000000001,0.17300000000000001,0.10800000000000001,0.035,0.0,0.04,0.31,0.29,0.14,0.15,0.07
100,135,19-3092,Geographers,0.0,,,,,,,,,,,,
101,139,27-1024,Graphic Designers,851.0,0.560111633372503,0.8122878965922445,0.06282843713278495,0.0927391304347826,0.12322091656874266,0.011750881316098707,0.0564042303172738,0.29494712103407755,0.2491186839012926,0.17743830787309048,0.14336075205640422,0.06462984723854288
102,140,37-3019,Grounds Maintenance Workers,1175.0,0.06546382978723404,0.8582263829787232,0.08879404255319148,0.009165106382978724,0.42375659574468083,0.06127659574468085,0.1046808510638298,0.2195744680851064,0.23319148936170211,0.17106382978723406,0.15829787234042553,0.05276595744680851
103,143,17-2111,Health and Safety Engineers,225.0,0.23399999999999999,0.747,0.052,0.191,0.059000000000000004,0.0,0.04,0.3377777777777778,0.16,0.21777777777777776,0.19111111111111112,0.04888888888888889
104,144,21-1091,Health Educators and Community Health Workers,100.0,0.7759999999999999,0.616,0.304,0.033,0.127,0.01,0.1,0.19,0.25,0.22,0.19,0.04
105,145,49-9021,"Heating, Air Conditioning, and Refrigeration Mechanics and Installers",450.0,0.015,0.815,0.12100000000000001,0.031,0.21700000000000003,0.022222222222222223,0.07333333333333333,0.2288888888888889,0.29333333333333333,0.19555555555555557,0.14888888888888888,0.03777777777777778
106,146,53-3032,Heavy and Tractor-trailer Truck Drivers,3364.0,0.078,0.769,0.168,0.028999999999999998,0.22600000000000003,0.018133174791914387,0.06539833531510107,0.1851961950059453,0.1961950059453032,0.23959571938168847,0.22859690844233055,0.06718192627824018
107,147,49-3043,Heavy Vehicle and Mobile Equipment Service Technicians,191.0,0.008,0.937,0.037,0.008,0.191,0.005235602094240838,0.10471204188481675,0.2670157068062827,0.2356020942408377,0.17277486910994763,0.15706806282722513,0.05759162303664921
108,148,25-2031,High School Teachers,963.0,0.5879999999999999,0.87,0.07700000000000001,0.03,0.08900000000000001,0.0010384215991692627,0.035306334371754934,0.25960539979231567,0.2751817237798546,0.2544132917964694,0.14434060228452752,0.030114226375908618
109,149,19-3093,Historians,0.0,,,,,,,,,,,,
110,150,31-1120,Home Health and Personal Care Aides,3272.0,0.858838630806846,0.5880333129584352,0.3052402200488998,0.06535024449877751,0.1867466381418093,0.029645476772616138,0.11063569682151589,0.20874083129584353,0.18643031784841077,0.18918092909535453,0.1897921760391198,0.08710268948655257
111,151,11-3121,Human Resources Managers,287.0,0.768,0.8099999999999999,0.12,0.04900000000000001,0.13999999999999999,0.003484320557491289,0.006968641114982578,0.21254355400696864,0.289198606271777,0.2578397212543554,0.18815331010452963,0.04878048780487805
112,152,13-1071,Human Resources Specialists,832.0,0.7429999999999999,0.769,0.13,0.05799999999999999,0.151,0.003605769230769231,0.06129807692307692,0.3004807692307692,0.22235576923076922,0.20793269230769232,0.16346153846153846,0.039663461538461536
113,154,27-1021,Industrial Designers,851.0,0.560111633372503,0.8122878965922445,0.06282843713278495,0.0927391304347826,0.12322091656874266,0.011750881316098707,0.0564042303172738,0.29494712103407755,0.2491186839012926,0.17743830787309048,0.14336075205640422,0.06462984723854288
114,155,17-3026,Industrial Engineering Technologists and Technicians,426.0,0.1603943661971831,0.770774647887324,0.0896150234741784,0.08392018779342723,0.162075117370892,0.009389671361502348,0.08215962441314555,0.22769953051643194,0.1784037558685446,0.2535211267605634,0.18309859154929578,0.06807511737089202
115,156,17-2112,Industrial Engineers,225.0,0.23399999999999999,0.747,0.052,0.191,0.059000000000000004,0.0,0.04,0.3377777777777778,0.16,0.21777777777777776,0.19111111111111112,0.04888888888888889
116,157,49-9044,"Industrial Machinery Mechanics, Machinery Maintenance Workers, and Millwrights",57.0,0.042,0.956,0.013000000000000001,0.011,0.057999999999999996,0.017543859649122806,0.05263157894736842,0.12280701754385964,0.21052631578947367,0.3508771929824561,0.22807017543859648,0.017543859649122806
117,158,11-3051,Industrial Production Managers,272.0,0.22600000000000003,0.843,0.059000000000000004,0.072,0.135,0.0,0.011029411764705883,0.17647058823529413,0.23897058823529413,0.3382352941176471,0.18382352941176472,0.051470588235294115
118,160,15-1212,Information Security Analysts,137.0,0.114,0.798,0.11900000000000001,0.069,0.158,0.0,0.058394160583941604,0.2773722627737226,0.2846715328467153,0.1897810218978102,0.1386861313868613,0.043795620437956206
119,161,25-9031,Instructional Coordinators,352.0,0.7830000000000001,0.848,0.0835,0.0375,0.112,0.008522727272727272,0.045454545454545456,0.1590909090909091,0.26136363636363635,0.22443181818181818,0.17613636363636365,0.13068181818181818
120,162,47-2131,Insulation Workers,53.0,0.028999999999999998,0.86,0.09599999999999999,0.023999999999999997,0.545,0.018867924528301886,0.09433962264150944,0.2641509433962264,0.2830188679245283,0.20754716981132076,0.09433962264150944,0.018867924528301886
121,163,41-3021,Insurance Sales Agents,641.0,0.501,0.7989999999999999,0.10800000000000001,0.05700000000000001,0.13999999999999999,0.0046801872074883,0.07956318252730109,0.2059282371294852,0.1934477379095164,0.21840873634945399,0.19500780031201248,0.1029641185647426
122,164,13-2053,Insurance Underwriters,102.0,0.58,0.7859999999999999,0.09300000000000001,0.062,0.119,0.0,0.029411764705882353,0.20588235294117646,0.21568627450980393,0.2549019607843137,0.24509803921568626,0.0392156862745098
123,165,27-1025,Interior Designers,851.0,0.560111633372503,0.8122878965922445,0.06282843713278495,0.0927391304347826,0.12322091656874266,0.011750881316098707,0.0564042303172738,0.29494712103407755,0.2491186839012926,0.17743830787309048,0.14336075205640422,0.06462984723854288
124,166,27-3091,Interpreters and Translators,91.0,0.729,0.746,0.083,0.114,0.29400000000000004,0.01098901098901099,0.04395604395604396,0.2857142857142857,0.17582417582417584,0.1978021978021978,0.16483516483516483,0.10989010989010989
125,168,37-2011,Janitors and Building Cleaners,2043.0,0.386,0.747,0.17,0.03899999999999999,0.33599999999999997,0.03915810083210964,0.06852667645619187,0.16250611845325502,0.17572197748409202,0.2143906020558003,0.23690651003426333,0.1027900146842878
126,170,23-1023,Judges and Hearing Officers,0.0,,,,,,,,,,,,
127,171,25-2012,Kindergarten and Elementary School Teachers,535.0,0.9880000000000001,0.8280000000000001,0.12000000000000001,0.022,0.153,0.024299065420560748,0.11401869158878504,0.2822429906542056,0.23925233644859814,0.19813084112149532,0.1102803738317757,0.029906542056074768
128,172,13-1075,Labor Relations Specialists,832.0,0.7429999999999999,0.769,0.13,0.05799999999999999,0.151,0.003605769230769231,0.06129807692307692,0.3004807692307692,0.22235576923076922,0.20793269230769232,0.16346153846153846,0.039663461538461536
129,173,17-1012,Landscape Architects,190.0,0.282,0.788,0.072,0.125,0.08499999999999999,0.0,0.021052631578947368,0.2631578947368421,0.25263157894736843,0.17894736842105263,0.18421052631578946,0.1
130,174,23-1011,Lawyers,1183.0,0.37399999999999994,0.865,0.068,0.052000000000000005,0.05799999999999999,0.0,0.0,0.18427726120033813,0.2696534234995773,0.22400676246830092,0.18596787827557057,0.13609467455621302
131,175,25-4022,Librarians and Library Media Specialists,352.0,0.7830000000000001,0.848,0.0835,0.0375,0.112,0.008522727272727272,0.045454545454545456,0.1590909090909091,0.26136363636363635,0.22443181818181818,0.17613636363636365,0.13068181818181818
132,177,29-2061,Licensed Practical and Licensed Vocational Nurses,596.0,0.8999999999999999,0.6799999999999999,0.256,0.028999999999999998,0.15300000000000002,0.010067114093959731,0.06375838926174497,0.24161073825503357,0.23825503355704697,0.19630872483221476,0.1912751677852349,0.0587248322147651
133,178,49-9052,Line Installers and Repairers,131.0,0.063,0.8340000000000002,0.12000000000000001,0.009000000000000001,0.22399999999999998,0.015267175572519083,0.06870229007633588,0.22900763358778625,0.25190839694656486,0.25190839694656486,0.17557251908396945,0.0
134,179,13-2072,Loan Officers,400.0,0.544,0.79,0.131,0.047,0.124,0.005,0.07,0.235,0.2525,0.235,0.165,0.04
135,180,11-9081,Lodging Managers,123.0,0.5599999999999999,0.7479999999999999,0.124,0.104,0.112,0.0,0.032520325203252036,0.18699186991869918,0.1951219512195122,0.21951219512195122,0.24390243902439024,0.11382113821138211
136,182,13-1081,Logisticians,147.0,0.381,0.8259999999999998,0.118,0.044000000000000004,0.20600000000000002,0.0,0.027210884353741496,0.2925170068027211,0.2108843537414966,0.23809523809523808,0.17006802721088435,0.05442176870748299
137,183,51-4041,Machinists and Tool and Die Makers,290.0,0.058,0.917,0.041,0.031,0.132,0.017241379310344827,0.07931034482758621,0.2103448275862069,0.18275862068965518,0.20689655172413793,0.2413793103448276,0.06206896551724138
138,184,13-1111,Management Analysts,997.0,0.427,0.7779999999999999,0.084,0.11900000000000001,0.093,0.0010030090270812437,0.041123370110330994,0.23671013039117353,0.2086258776328987,0.20962888665997995,0.18655967903711135,0.11634904714142427
139,185,39-5092,Manicurists and Pedicurists,286.0,0.8297552447552448,0.2897762237762238,0.06346153846153847,0.613937062937063,0.1105104895104895,0.017482517482517484,0.0944055944055944,0.1853146853146853,0.24475524475524477,0.2867132867132867,0.12937062937062938,0.04195804195804196
140,187,13-1161,Market Research Analysts,438.0,0.586,0.828,0.065,0.08099999999999999,0.091,0.0091324200913242,0.12557077625570776,0.3675799086757991,0.20319634703196346,0.1872146118721461,0.0730593607305936,0.0365296803652968
141,188,21-1013,Marriage and Family Therapists,836.0,0.7495167464114832,0.7549641148325359,0.1822212918660287,0.0323145933014354,0.15086602870813398,0.011961722488038277,0.05980861244019139,0.29066985645933013,0.22966507177033493,0.20095693779904306,0.14354066985645933,0.06339712918660287
142,189,47-2053,Masonry Workers,55.0,0.028,0.829,0.084,0.013,0.533,0.01818181818181818,0.07272727272727272,0.2545454545454545,0.21818181818181817,0.21818181818181817,0.18181818181818182,0.01818181818181818
143,190,31-9011,Massage Therapists,151.0,0.8059999999999999,0.737,0.105,0.09999999999999999,0.11,0.0,0.052980132450331126,0.2052980132450331,0.2781456953642384,0.2052980132450331,0.18543046357615894,0.0728476821192053
144,191,47-5044,Material Moving Machine Operators,62.0,0.182,0.7899999999999999,0.186,0.0,0.143,0.04838709677419355,0.11290322580645161,0.1774193548387097,0.20967741935483872,0.22580645161290322,0.16129032258064516,0.06451612903225806
145,192,43-5071,Material Recording Clerks,572.0,0.336,0.726,0.191,0.04,0.26799999999999996,0.04020979020979021,0.10664335664335664,0.23426573426573427,0.18181818181818182,0.21678321678321677,0.1660839160839161,0.05419580419580419
146,193,17-2131,Materials Engineers,53.0,0.255,0.8350000000000001,0.05299999999999999,0.094,0.071,0.0,0.05660377358490566,0.4339622641509434,0.1509433962264151,0.20754716981132076,0.1509433962264151,0.018867924528301886
147,195,17-3027,Mechanical Engineering Technicians,426.0,0.1603943661971831,0.770774647887324,0.0896150234741784,0.08392018779342723,0.162075117370892,0.009389671361502348,0.08215962441314555,0.22769953051643194,0.1784037558685446,0.2535211267605634,0.18309859154929578,0.06807511737089202
148,196,17-2141,Mechanical Engineers,357.0,0.087,0.804,0.05,0.115,0.067,0.008403361344537815,0.1092436974789916,0.27450980392156865,0.23249299719887956,0.1792717086834734,0.1484593837535014,0.047619047619047616
149,197,11-9111,Medical and Health Services Managers,711.0,0.703,0.776,0.13300000000000003,0.056,0.115,0.0014064697609001407,0.016877637130801686,0.189873417721519,0.25738396624472576,0.27848101265822783,0.19971870604781997,0.05625879043600562
150,198,31-9092,Medical Assistants,561.0,0.9020000000000001,0.729,0.174,0.04,0.279,0.008912655971479501,0.1532976827094474,0.34581105169340465,0.21212121212121213,0.14795008912655971,0.1140819964349376,0.017825311942959002
151,199,49-9062,Medical Equipment Repairers,73.0,0.16199999999999998,0.7290000000000001,0.128,0.09800000000000002,0.059000000000000004,0.0136986301369863,0.0821917808219178,0.2054794520547945,0.1506849315068493,0.1780821917808219,0.2602739726027397,0.1095890410958904
152,200,29-2098,Medical Records and Health Information Technicians,468.0,0.7530811965811965,0.6760128205128205,0.1979551282051282,0.0902051282051282,0.1124594017094017,0.010683760683760684,0.06623931623931624,0.21153846153846154,0.2606837606837607,0.21367521367521367,0.1794871794871795,0.05982905982905983
153,201,19-1042,Medical Scientists,0.0,,,,,,,,,,,,
154,203,13-1121,"Meeting, Convention, and Event Planners",118.0,0.7370000000000001,0.858,0.077,0.047999999999999994,0.119,0.00847457627118644,0.0847457627118644,0.3474576271186441,0.22033898305084745,0.19491525423728814,0.11864406779661017,0.025423728813559324
155,205,19-1022,Microbiologists,84.0,0.46,0.7979999999999999,0.055999999999999994,0.13699999999999998,0.101,0.0,0.047619047619047616,0.35714285714285715,0.19047619047619047,0.2261904761904762,0.11904761904761904,0.05952380952380952
156,206,25-2022,Middle School Teachers,3371.0,0.7959999999999999,0.841,0.105,0.027999999999999997,0.105,0.0005932957579353308,0.041827350934440816,0.234055176505488,0.2850786116879264,0.24443785226935627,0.15188371403144468,0.04212399881340848
157,210,27-2041,Music Directors and Composers,168.0,0.31502380952380954,0.7992857142857143,0.12066666666666667,0.03323809523809523,0.13297619047619047,0.005952380952380952,0.10119047619047619,0.2619047619047619,0.19642857142857142,0.1130952380952381,0.125,0.19047619047619047
158,211,27-2042,Musicians and Singers,168.0,0.31502380952380954,0.7992857142857143,0.12066666666666667,0.03323809523809523,0.13297619047619047,0.005952380952380952,0.10119047619047619,0.2619047619047619,0.19642857142857142,0.1130952380952381,0.125,0.19047619047619047
159,213,15-1244,Network and Computer Systems Administrators,238.0,0.198,0.7729999999999999,0.09000000000000001,0.118,0.078,0.0,0.029411764705882353,0.226890756302521,0.31092436974789917,0.2605042016806723,0.12605042016806722,0.046218487394957986
160,215,29-2033,Nuclear Medicine Technologists,451.0,0.70349889135255,0.8160487804878048,0.09372727272727273,0.05968514412416852,0.09535920177383592,0.0,0.04212860310421286,0.22394678492239467,0.29711751662971175,0.2261640798226164,0.17960088691796008,0.03325942350332594
161,216,19-4051,Nuclear Technicians,258.0,0.541,0.78,0.049,0.10900000000000001,0.107,0.011627906976744186,0.20930232558139536,0.32170542635658916,0.17829457364341086,0.12015503875968993,0.12790697674418605,0.031007751937984496
162,218,31-1131,Nursing Assistants and Orderlies,1990.0,0.8870804020100502,0.5635743718592965,0.35886532663316584,0.04689346733668342,0.1691894472361809,0.03015075376884422,0.1271356783919598,0.22562814070351758,0.18643216080402011,0.18542713567839195,0.17537688442211055,0.07185929648241206
163,219,19-5011,Occupational Health and Safety Specialists and Technicians,85.0,0.35799999999999993,0.9029999999999999,0.016,0.028999999999999998,0.11699999999999998,0.0,0.03529411764705882,0.24705882352941178,0.21176470588235294,0.21176470588235294,0.2235294117647059,0.058823529411764705
164,220,29-1122,Occupational Therapists,124.0,0.8629999999999999,0.876,0.04,0.074,0.065,0.0,0.008064516129032258,0.31451612903225806,0.3225806451612903,0.18548387096774194,0.11290322580645161,0.06451612903225806
165,222,15-2031,Operations Research Analysts,156.0,0.42899999999999994,0.775,0.13599999999999998,0.086,0.095,0.0,0.05128205128205128,0.22435897435897437,0.20512820512820512,0.23717948717948717,0.24358974358974358,0.02564102564102564
166,225,29-2091,Orthotists and Prosthetists,185.0,0.617,0.5780000000000001,0.24800000000000003,0.153,0.135,0.02702702702702703,0.10810810810810811,0.22702702702702704,0.23243243243243245,0.23783783783783785,0.13513513513513514,0.03783783783783784
167,226,47-2141,"Painters, Construction and Maintenance",524.0,0.083,0.9,0.054000000000000006,0.005999999999999999,0.512,0.02099236641221374,0.0648854961832061,0.2385496183206107,0.2595419847328244,0.21755725190839695,0.16793893129770993,0.03244274809160305
168,227,51-9124,Painting and Coating Workers,148.0,0.081,0.8699999999999999,0.07799999999999999,0.015000000000000001,0.32200000000000006,0.02702702702702703,0.060810810810810814,0.22972972972972974,0.25,0.22972972972972974,0.16216216216216217,0.04054054054054054
169,228,23-2011,Paralegals and Legal Assistants,416.0,0.8579999999999999,0.799,0.103,0.06799999999999999,0.151,0.002403846153846154,0.09615384615384616,0.21875,0.1875,0.22596153846153846,0.18990384615384615,0.07692307692307693
170,229,53-3052,Passenger Vehicle Drivers,476.0,0.4370546218487395,0.642531512605042,0.2814390756302521,0.04546008403361344,0.14892857142857147,0.0,0.018907563025210083,0.11134453781512606,0.13445378151260504,0.25630252100840334,0.3067226890756303,0.17016806722689076
171,230,13-2052,Personal Financial Advisors,514.0,0.33999999999999997,0.785,0.079,0.10699999999999998,0.08199999999999999,0.0,0.054474708171206226,0.26264591439688717,0.22762645914396887,0.188715953307393,0.18482490272373542,0.08171206225680934
172,231,37-2021,Pest Control Workers,112.0,0.024999999999999998,0.853,0.062,0.005,0.309,0.0,0.125,0.25,0.25892857142857145,0.16071428571428573,0.1875,0.017857142857142856
173,233,29-1051,Pharmacists,327.0,0.6160000000000001,0.679,0.08300000000000002,0.2,0.034,0.0061162079510703364,0.021406727828746176,0.2996941896024465,0.2996941896024465,0.21406727828746178,0.11926605504587157,0.03669724770642202
174,234,29-2052,Pharmacy Technicians,336.0,0.772,0.728,0.15,0.07200000000000001,0.17600000000000002,0.03869047619047619,0.15178571428571427,0.3482142857142857,0.21428571428571427,0.10714285714285714,0.11904761904761904,0.023809523809523808
175,235,31-9097,Phlebotomists,101.0,0.848,0.6599999999999999,0.276,0.027999999999999994,0.19,0.019801980198019802,0.22772277227722773,0.2079207920792079,0.2376237623762376,0.18811881188118812,0.0891089108910891,0.019801980198019802
176,236,27-4021,Photographers,186.0,0.521,0.8490000000000001,0.067,0.055999999999999994,0.1,0.010752688172043012,0.06989247311827956,0.26881720430107525,0.2956989247311828,0.1935483870967742,0.12365591397849462,0.043010752688172046
177,237,31-2021,Physical Therapist Assistants and Aides,78.0,0.717,0.8859999999999999,0.06599999999999999,0.037,0.058,0.02564102564102564,0.16666666666666666,0.2692307692307692,0.23076923076923078,0.19230769230769232,0.08974358974358974,0.02564102564102564
178,238,29-1123,Physical Therapists,281.0,0.6719999999999999,0.778,0.052,0.15,0.044000000000000004,0.0,0.010676156583629894,0.3096085409252669,0.24555160142348753,0.2526690391459075,0.13167259786476868,0.046263345195729534
179,239,29-1071,Physician Assistants,141.0,0.655,0.7990000000000002,0.063,0.12300000000000003,0.07900000000000001,0.0,0.0070921985815602835,0.425531914893617,0.2765957446808511,0.1773049645390071,0.09219858156028368,0.02127659574468085
180,240,29-1221,Physicians and Surgeons,983.0,0.3981444557477111,0.6784598168870803,0.08263784333672432,0.21527568667344862,0.09173550356052901,0.0,0.004069175991861648,0.25228891149542215,0.23906408952187183,0.21871820956256358,0.17293997965412003,0.11393692777212615
181,242,47-2152,"Plumbers, Pipefitters, and Steamfitters",537.0,0.023,0.881,0.069,0.016999999999999998,0.245,0.0186219739292365,0.0931098696461825,0.2569832402234637,0.21973929236499068,0.1973929236499069,0.16945996275605213,0.0446927374301676
182,244,43-5031,"Police, Fire, and Ambulance Dispatchers",309.0,0.5527637540453074,0.7987831715210356,0.1421326860841424,0.017932038834951456,0.17115210355987057,0.019417475728155338,0.07766990291262135,0.22653721682847897,0.27184466019417475,0.18770226537216828,0.18122977346278318,0.032362459546925564
183,246,19-3094,Political Scientists,0.0,,,,,,,,,,,,
184,247,43-5052,Postal Service Workers,312.0,0.36700000000000005,0.7270000000000001,0.18699999999999997,0.06799999999999999,0.13599999999999998,0.00641025641025641,0.04487179487179487,0.1762820512820513,0.24358974358974358,0.26282051282051283,0.23397435897435898,0.035256410256410256
185,248,11-9033,Postsecondary Education Administrators,948.0,0.6649999999999999,0.7949999999999999,0.14300000000000002,0.032999999999999995,0.12000000000000001,0.0031645569620253164,0.007383966244725738,0.1550632911392405,0.2805907172995781,0.31223628691983124,0.18565400843881857,0.056962025316455694
186,249,25-1111,Postsecondary Teachers,2376.0,0.659905723905724,0.7653265993265993,0.10145622895622895,0.09351515151515151,0.1154006734006734,0.0180976430976431,0.09595959595959595,0.2117003367003367,0.1919191919191919,0.19402356902356901,0.18602693602693604,0.10101010101010101
187,251,11-9031,Preschool and Childcare Center Directors,948.0,0.6649999999999999,0.7949999999999999,0.14300000000000002,0.032999999999999995,0.12000000000000001,0.0031645569620253164,0.007383966244725738,0.1550632911392405,0.2805907172995781,0.31223628691983124,0.18565400843881857,0.056962025316455694
188,252,25-2011,Preschool Teachers,535.0,0.9880000000000001,0.8280000000000001,0.12000000000000001,0.022,0.153,0.024299065420560748,0.11401869158878504,0.2822429906542056,0.23925233644859814,0.19813084112149532,0.1102803738317757,0.029906542056074768
189,253,33-9021,Private Detectives and Investigators,90.0,0.454,0.716,0.21899999999999997,0.038,0.162,0.0,0.06666666666666667,0.3,0.23333333333333334,0.24444444444444444,0.14444444444444443,0.022222222222222223
190,254,21-1092,Probation Officers and Correctional Treatment Specialists,105.0,0.507,0.6659999999999999,0.269,0.007,0.128,0.0,0.009523809523809525,0.2571428571428571,0.23809523809523808,0.34285714285714286,0.11428571428571428,0.047619047619047616
191,255,27-2012,Producers and Directors,181.0,0.45200000000000007,0.838,0.06099999999999999,0.067,0.087,0.011049723756906077,0.04419889502762431,0.3314917127071823,0.23204419889502761,0.2265193370165746,0.09944751381215469,0.055248618784530384
192,256,11-9141,"Property, Real Estate, and Community Association Managers",781.0,0.48500000000000004,0.847,0.086,0.035,0.129,0.0012804097311139564,0.034571062740076826,0.17285531370038412,0.2023047375160051,0.19718309859154928,0.21638924455825864,0.17413572343149808
193,257,13-2020,Property Appraisers and Assessors,86.0,0.297,0.965,0.022999999999999996,0.012,0.060000000000000005,0.0,0.023255813953488372,0.10465116279069768,0.1744186046511628,0.2441860465116279,0.3023255813953488,0.16279069767441862
194,258,29-2053,Psychiatric Technicians and Aides,67.0,0.8220000000000001,0.676,0.242,0.013999999999999999,0.121,0.0,0.16417910447761194,0.43283582089552236,0.208955223880597,0.08955223880597014,0.07462686567164178,0.029850746268656716
195,259,19-3031,Psychologists,145.0,0.803,0.8270000000000001,0.118,0.041,0.035,0.0,0.013793103448275862,0.1724137931034483,0.23448275862068965,0.22758620689655173,0.1724137931034483,0.1724137931034483
196,260,11-2030,Public Relations and Fundraising Managers,95.0,0.6640000000000001,0.91,0.043,0.022999999999999996,0.076,0.0,0.042105263157894736,0.22105263157894736,0.30526315789473685,0.21052631578947367,0.17894736842105263,0.042105263157894736
197,261,27-3031,Public Relations Specialists,145.0,0.594,0.833,0.11,0.033999999999999996,0.13599999999999998,0.006896551724137931,0.07586206896551724,0.3103448275862069,0.22758620689655173,0.2,0.1310344827586207,0.05517241379310345
198,262,13-1020,"Purchasing Managers, Buyers, and Purchasing Agents",408.0,0.5230539215686275,0.8184166666666667,0.10940196078431372,0.047289215686274505,0.12870588235294117,0.004901960784313725,0.04656862745098039,0.23284313725490197,0.23774509803921567,0.20098039215686275,0.19852941176470587,0.07598039215686274
199,263,51-9061,Quality Control Inspectors,751.0,0.387,0.772,0.11399999999999999,0.076,0.20600000000000002,0.018641810918774968,0.08122503328894808,0.20372836218375498,0.19573901464713714,0.2529960053262317,0.18375499334221038,0.06391478029294274
200,265,29-2034,Radiologic and MRI Technologists,451.0,0.70349889135255,0.8160487804878048,0.09372727272727273,0.05968514412416852,0.09535920177383592,0.0,0.04212860310421286,0.22394678492239467,0.29711751662971175,0.2261640798226164,0.17960088691796008,0.03325942350332594
201,266,53-4022,Railroad Workers,55.0,0.077,0.735,0.186,0.03,0.226,0.0,0.0,0.16363636363636364,0.3090909090909091,0.36363636363636365,0.12727272727272726,0.03636363636363636
202,267,41-9021,Real Estate Brokers and Sales Agents,1037.0,0.575,0.849,0.07900000000000001,0.05,0.14500000000000002,0.0009643201542912247,0.02700096432015429,0.14368370298939248,0.2073288331726133,0.22757955641272903,0.23529411764705882,0.15814850530376084
203,268,43-4171,Receptionists,1147.0,0.8829999999999999,0.7879999999999999,0.126,0.036000000000000004,0.22199999999999998,0.04097646033129904,0.1839581517000872,0.24760244115082825,0.17872711421098517,0.12380122057541412,0.14995640802092414,0.07410636442894507
204,270,39-9032,Recreation Workers,333.0,0.6580180180180181,0.8174114114114114,0.12175375375375375,0.022180180180180184,0.10218018018018017,0.036036036036036036,0.13513513513513514,0.23723723723723725,0.1981981981981982,0.1891891891891892,0.12312312312312312,0.07807807807807808
205,271,29-1141,Registered Nurses,3256.0,0.874,0.753,0.134,0.087,0.079,0.0009213759213759214,0.04821867321867322,0.2668918918918919,0.25644963144963145,0.2106879606879607,0.17045454545454544,0.04637592137592138
206,272,21-1015,Rehabilitation Counselors,836.0,0.7495167464114832,0.7549641148325359,0.1822212918660287,0.0323145933014354,0.15086602870813398,0.011961722488038277,0.05980861244019139,0.29066985645933013,0.22966507177033493,0.20095693779904306,0.14354066985645933,0.06339712918660287
207,273,27-3023,"Reporters, Correspondents, and Broadcast News Analysts",77.0,0.5399999999999999,0.801,0.10900000000000001,0.067,0.05299999999999999,0.0,0.12987012987012986,0.36363636363636365,0.18181818181818182,0.12987012987012986,0.11688311688311688,0.05194805194805195
208,274,29-1126,Respiratory Therapists,122.0,0.7240000000000001,0.75,0.185,0.022999999999999996,0.06999999999999999,0.0,0.05737704918032787,0.14754098360655737,0.30327868852459017,0.28688524590163933,0.18032786885245902,0.01639344262295082
209,275,41-2031,Retail Sales Workers,2751.0,0.475,0.7870000000000001,0.12199999999999998,0.045,0.185,0.08578698655034533,0.17739003998545982,0.21919302071973829,0.14140312613595057,0.1421301344965467,0.1515812431842966,0.08251544892766267
210,276,47-2181,Roofers,210.0,0.033,0.869,0.051000000000000004,0.014,0.532,0.02857142857142857,0.16666666666666666,0.29523809523809524,0.23809523809523808,0.14761904761904762,0.08571428571428572,0.04285714285714286
211,278,11-2022,Sales Managers,1075.0,0.46257395348837216,0.8579627906976743,0.05645395348837209,0.05952186046511628,0.08785302325581396,0.0,0.05023255813953489,0.26325581395348835,0.25395348837209303,0.25209302325581395,0.14976744186046512,0.027906976744186046
212,279,21-1012,School and Career Counselors,836.0,0.7495167464114832,0.7549641148325359,0.1822212918660287,0.0323145933014354,0.15086602870813398,0.011961722488038277,0.05980861244019139,0.29066985645933013,0.22966507177033493,0.20095693779904306,0.14354066985645933,0.06339712918660287
213,280,43-6014,Secretaries and Administrative Assistants,2402.0,0.9267701915070774,0.8364554537885095,0.10427560366361367,0.03369275603663614,0.13600999167360533,0.00791007493755204,0.051623646960865945,0.17735220649458786,0.1819317235636969,0.22689425478767694,0.2589508742714405,0.09492089925062448
214,281,41-3031,"Securities, Commodities, and Financial Services Sales Agents",242.0,0.228,0.8520000000000001,0.043,0.09000000000000001,0.08199999999999999,0.004132231404958678,0.0743801652892562,0.2231404958677686,0.22727272727272727,0.21074380165289255,0.2024793388429752,0.05785123966942149
215,282,33-9031,Security Guards and Gambling Surveillance Officers,800.0,0.25,0.61,0.311,0.039,0.196,0.01625,0.12625,0.2375,0.16625,0.1575,0.17875,0.1175
216,283,47-2211,Sheet Metal Workers,123.0,0.056,0.8729999999999999,0.045,0.032,0.134,0.024390243902439025,0.08943089430894309,0.22764227642276422,0.1951219512195122,0.25203252032520324,0.1951219512195122,0.008130081300813009
217,284,39-5094,Skincare Specialists,286.0,0.8297552447552448,0.2897762237762238,0.06346153846153847,0.613937062937063,0.1105104895104895,0.017482517482517484,0.0944055944055944,0.1853146853146853,0.24475524475524477,0.2867132867132867,0.12937062937062938,0.04195804195804196
218,286,11-9151,Social and Community Service Managers,424.0,0.725,0.7590000000000001,0.18300000000000002,0.021000000000000005,0.10300000000000001,0.0,0.0330188679245283,0.20047169811320756,0.24056603773584906,0.25235849056603776,0.16273584905660377,0.11320754716981132
219,287,21-1093,Social and Human Service Assistants,230.0,0.796,0.726,0.189,0.032,0.14900000000000002,0.008695652173913044,0.12608695652173912,0.19130434782608696,0.2217391304347826,0.1608695652173913,0.22608695652173913,0.06521739130434782
220,288,21-1022,Social Workers,813.0,0.858890528905289,0.6490996309963101,0.2526580565805658,0.03895325953259532,0.149239852398524,0.0012300123001230013,0.05166051660516605,0.2779827798277983,0.25338253382533826,0.2078720787207872,0.16113161131611317,0.041820418204182044
221,290,15-1256,Software Developers,1965.0,0.19637862595419844,0.5750417302798981,0.0644203562340967,0.3391221374045802,0.060377099236641224,0.002544529262086514,0.058524173027989825,0.35318066157760813,0.28142493638676847,0.1633587786259542,0.11755725190839694,0.02340966921119593
222,292,25-2051,Special Education Teachers,332.0,0.8140000000000002,0.875,0.072,0.018,0.08900000000000001,0.0030120481927710845,0.04216867469879518,0.21686746987951808,0.2710843373493976,0.2319277108433735,0.19578313253012047,0.0391566265060241
223,293,27-1014,Special Effects Artists and Animators,256.0,0.535,0.857,0.036000000000000004,0.061,0.09300000000000001,0.00390625,0.05078125,0.2890625,0.19140625,0.1640625,0.15625,0.14453125
224,294,29-1127,Speech-Language Pathologists,195.0,0.9440000000000001,0.8969999999999999,0.06599999999999999,0.036,0.08499999999999999,0.0,0.05641025641025641,0.3384615384615385,0.24102564102564103,0.18461538461538463,0.14358974358974358,0.035897435897435895
225,295,51-8021,Stationary Engineers and Boiler Operators,56.0,0.106,0.775,0.144,0.049,0.10699999999999998,0.017857142857142856,0.0,0.17857142857142858,0.125,0.19642857142857142,0.35714285714285715,0.125
226,296,21-1018,"Substance Abuse, Behavioral Disorder, and Mental Health Counselors",836.0,0.7495167464114832,0.7549641148325359,0.1822212918660287,0.0323145933014354,0.15086602870813398,0.011961722488038277,0.05980861244019139,0.29066985645933013,0.22966507177033493,0.20095693779904306,0.14354066985645933,0.06339712918660287
227,297,29-2055,Surgical Technologists,108.0,0.713,0.8090000000000002,0.149,0.025,0.17300000000000001,0.0,0.08333333333333333,0.2962962962962963,0.21296296296296297,0.2222222222222222,0.1388888888888889,0.046296296296296294
228,298,17-3031,Surveying and Mapping Technicians,56.0,0.09899999999999999,0.8959999999999999,0.03200000000000001,0.03,0.063,0.017857142857142856,0.14285714285714285,0.19642857142857142,0.08928571428571429,0.2857142857142857,0.16071428571428573,0.10714285714285714
229,301,13-2081,"Tax Examiners and Collectors, and Revenue Agents",61.0,0.5790000000000001,0.7659999999999999,0.14500000000000002,0.058,0.159,0.0,0.08196721311475409,0.09836065573770492,0.2459016393442623,0.26229508196721313,0.26229508196721313,0.06557377049180328
230,302,25-9045,Teacher Assistants,1220.0,0.801,0.741,0.13599999999999998,0.076,0.166,0.03278688524590164,0.15163934426229508,0.26967213114754096,0.1598360655737705,0.17950819672131146,0.1557377049180328,0.05
231,303,27-3042,Technical Writers,65.0,0.501,0.88,0.073,0.036,0.08,0.0,0.06153846153846154,0.2,0.18461538461538463,0.2153846153846154,0.2923076923076923,0.046153846153846156
232,304,49-2022,Telecommunications Equipment Installers and Repairers,140.0,0.08299999999999999,0.715,0.168,0.063,0.168,0.014285714285714285,0.05714285714285714,0.22857142857142856,0.20714285714285716,0.21428571428571427,0.2357142857142857,0.04285714285714286
233,305,43-3071,Tellers,279.0,0.8040000000000002,0.8250000000000001,0.12199999999999998,0.037,0.17700000000000002,0.03942652329749104,0.2114695340501792,0.30824372759856633,0.16487455197132617,0.1111111111111111,0.12186379928315412,0.04659498207885305
234,306,11-1021,Top Executives,1057.0,0.305,0.8440000000000001,0.071,0.045,0.12400000000000001,0.002838221381267739,0.023651844843897825,0.23651844843897823,0.27436140018921473,0.2412488174077578,0.18448438978240303,0.036896877956480605
235,307,11-3131,Training and Development Managers,52.0,0.5579999999999999,0.854,0.092,0.002,0.10099999999999998,0.0,0.0,0.36538461538461536,0.36538461538461536,0.1346153846153846,0.1346153846153846,0.019230769230769232
236,308,13-1151,Training and Development Specialists,115.0,0.5710000000000001,0.8210000000000001,0.132,0.027,0.141,0.008695652173913044,0.02608695652173913,0.19130434782608696,0.2956521739130435,0.25217391304347825,0.17391304347826086,0.06086956521739131
237,309,41-3041,Travel Agents,51.0,0.795,0.85,0.07300000000000001,0.07300000000000001,0.054000000000000006,0.0,0.0,0.13725490196078433,0.11764705882352941,0.29411764705882354,0.3137254901960784,0.13725490196078433
238,310,27-2023,"Umpires, Referees, and Other Sports Officials",210.0,0.448,0.7519999999999999,0.147,0.034999999999999996,0.054,0.12857142857142856,0.1523809523809524,0.3,0.1761904761904762,0.11428571428571428,0.07142857142857142,0.047619047619047616
239,312,29-1131,Veterinarians,83.0,0.649,0.919,0.0,0.056999999999999995,0.06999999999999999,0.0,0.0,0.2289156626506024,0.27710843373493976,0.21686746987951808,0.1927710843373494,0.08433734939759036
240,313,31-9096,Veterinary Assistants and Laboratory Animal Caretakers,60.0,0.7579999999999999,0.803,0.026000000000000002,0.018000000000000002,0.267,0.08333333333333333,0.21666666666666667,0.43333333333333335,0.15,0.06666666666666667,0.03333333333333333,0.0
241,314,29-2056,Veterinary Technologists and Technicians,105.0,0.881,0.918,0.032,0.012,0.09799999999999999,0.047619047619047616,0.26666666666666666,0.38095238095238093,0.1619047619047619,0.06666666666666667,0.05714285714285714,0.02857142857142857
242,315,35-3031,Waiters and Waitresses,1388.0,0.7000000000000001,0.758,0.11300000000000002,0.07200000000000001,0.22100000000000003,0.18659942363112392,0.3256484149855908,0.22334293948126802,0.11743515850144093,0.07636887608069164,0.051152737752161385,0.019452449567723344
243,316,51-8031,Water and Wastewater Treatment Plant and System Operators,112.0,0.11,0.8890000000000001,0.084,0.009,0.086,0.0,0.017857142857142856,0.24107142857142858,0.21428571428571427,0.21428571428571427,0.26785714285714285,0.03571428571428571
244,318,15-1257,Web Developers and Digital Designers,174.0,0.34639080459770116,0.802655172413793,0.04585057471264368,0.1366551724137931,0.09882758620689656,0.005747126436781609,0.09770114942528736,0.3850574712643678,0.28160919540229884,0.14942528735632185,0.06321839080459771,0.017241379310344827
245,319,51-4121,"Welders, Cutters, Solderers, and Brazers",520.0,0.038000000000000006,0.869,0.074,0.027,0.231,0.023076923076923078,0.125,0.26346153846153847,0.22692307692307692,0.19807692307692307,0.13846153846153847,0.025
246,320,41-4012,Wholesale and Manufacturing Sales Representatives,1217.0,0.305,0.8879999999999999,0.045,0.042,0.136,0.004108463434675432,0.047658175842235,0.20542317173377156,0.2276088742810189,0.2399342645850452,0.20049301561216104,0.07477403451109285
247,323,27-3043,Writers and Authors,242.0,0.6490000000000001,0.8509999999999999,0.07900000000000001,0.043,0.024,0.008264462809917356,0.06611570247933884,0.2066115702479339,0.23140495867768596,0.17768595041322313,0.1859504132231405,0.12396694214876033
248,324,19-1023,Zoologists and Wildlife Biologists,84.0,0.46,0.7979999999999999,0.055999999999999994,0.13699999999999998,0.101,0.0,0.047619047619047616,0.35714285714285715,0.19047619047619047,0.2261904761904762,0.11904761904761904,0.05952380952380952
